-- phpMyAdmin SQL Dump
-- version 4.9.0.1
-- https://www.phpmyadmin.net/
--
-- Host: localhost:8889
-- Generation Time: Sep 15, 2020 at 11:55 AM
-- Server version: 5.7.26
-- PHP Version: 7.3.8

SET SQL_MODE = "NO_AUTO_VALUE_ON_ZERO";
SET time_zone = "+00:00";


/*!40101 SET @OLD_CHARACTER_SET_CLIENT=@@CHARACTER_SET_CLIENT */;
/*!40101 SET @OLD_CHARACTER_SET_RESULTS=@@CHARACTER_SET_RESULTS */;
/*!40101 SET @OLD_COLLATION_CONNECTION=@@COLLATION_CONNECTION */;
/*!40101 SET NAMES utf8mb4 */;

--
-- Database: `eapi`
--

-- --------------------------------------------------------

--
-- Table structure for table `migrations`
--

CREATE TABLE `migrations` (
  `id` int(10) UNSIGNED NOT NULL,
  `migration` varchar(255) COLLATE utf8mb4_unicode_ci NOT NULL,
  `batch` int(11) NOT NULL
) ENGINE=InnoDB DEFAULT CHARSET=utf8mb4 COLLATE=utf8mb4_unicode_ci;

--
-- Dumping data for table `migrations`
--

INSERT INTO `migrations` (`id`, `migration`, `batch`) VALUES
(1, '2014_10_12_000000_create_users_table', 1),
(2, '2014_10_12_100000_create_password_resets_table', 1),
(3, '2020_09_15_102037_create_products_table', 1),
(4, '2020_09_15_112040_create_reviews_table', 2);

-- --------------------------------------------------------

--
-- Table structure for table `password_resets`
--

CREATE TABLE `password_resets` (
  `email` varchar(255) COLLATE utf8mb4_unicode_ci NOT NULL,
  `token` varchar(255) COLLATE utf8mb4_unicode_ci NOT NULL,
  `created_at` timestamp NULL DEFAULT NULL
) ENGINE=InnoDB DEFAULT CHARSET=utf8mb4 COLLATE=utf8mb4_unicode_ci;

-- --------------------------------------------------------

--
-- Table structure for table `products`
--

CREATE TABLE `products` (
  `id` int(10) UNSIGNED NOT NULL,
  `name` varchar(255) COLLATE utf8mb4_unicode_ci NOT NULL,
  `detail` text COLLATE utf8mb4_unicode_ci NOT NULL,
  `price` int(11) NOT NULL,
  `stock` int(11) NOT NULL,
  `discount` int(11) NOT NULL,
  `created_at` timestamp NULL DEFAULT NULL,
  `updated_at` timestamp NULL DEFAULT NULL
) ENGINE=InnoDB DEFAULT CHARSET=utf8mb4 COLLATE=utf8mb4_unicode_ci;

--
-- Dumping data for table `products`
--

INSERT INTO `products` (`id`, `name`, `detail`, `price`, `stock`, `discount`, `created_at`, `updated_at`) VALUES
(1, 'corrupti', 'Non enim dicta dolores sequi. Velit quas praesentium perspiciatis rerum ullam voluptatem vitae natus. Voluptatem laboriosam facere neque est atque iure cum.', 683, 9, 22, '2020-09-15 08:52:10', '2020-09-15 08:52:10'),
(2, 'et', 'Possimus reprehenderit neque est ducimus tempora qui quam placeat. Hic at non reprehenderit doloremque. Sint qui omnis amet. Voluptatem quidem est sint distinctio.', 236, 4, 18, '2020-09-15 08:52:10', '2020-09-15 08:52:10'),
(3, 'incidunt', 'Quos recusandae ullam laborum explicabo voluptatibus voluptates. Optio tenetur minima voluptatem neque nemo. Aut et repudiandae libero ea illum nisi et et.', 213, 1, 18, '2020-09-15 08:52:10', '2020-09-15 08:52:10'),
(4, 'et', 'Provident voluptas vero sunt est. Est dolores earum facilis quos ut pariatur consequuntur.', 811, 3, 11, '2020-09-15 08:52:10', '2020-09-15 08:52:10'),
(5, 'blanditiis', 'Aliquid enim nesciunt cumque at sunt esse et. Laboriosam voluptatibus dolores hic sed vitae blanditiis inventore. Ipsa excepturi molestiae sit quo vel libero. Vero quis repellendus dolor culpa quis.', 253, 3, 9, '2020-09-15 08:52:10', '2020-09-15 08:52:10'),
(6, 'quam', 'Numquam ullam omnis sed voluptatem ipsum. Sit nam et et quas autem temporibus veritatis. Aperiam possimus sint ea rerum dolorum autem.', 522, 0, 2, '2020-09-15 08:52:10', '2020-09-15 08:52:10'),
(7, 'reiciendis', 'Optio harum sit error reprehenderit facilis voluptatem deleniti laborum. Tenetur veritatis dolores magnam nihil. Quos quod amet non nostrum ipsum facilis.', 856, 0, 25, '2020-09-15 08:52:10', '2020-09-15 08:52:10'),
(8, 'et', 'Modi nihil et error. Animi qui dolorem cumque sed voluptate. Fuga vero voluptatem reiciendis consequatur sapiente. Repudiandae pariatur veniam tempora explicabo enim.', 653, 7, 26, '2020-09-15 08:52:10', '2020-09-15 08:52:10'),
(9, 'dolore', 'Eligendi distinctio blanditiis labore tempora beatae earum. Nostrum ab hic esse iste exercitationem quis veniam. Fugit autem ut ipsa maiores eum fugiat.', 472, 0, 4, '2020-09-15 08:52:10', '2020-09-15 08:52:10'),
(10, 'sit', 'Fuga atque et incidunt qui hic. Perferendis porro eum tempora vitae quia. Ab qui ab cupiditate molestiae. Eveniet accusantium labore ullam eveniet eveniet.', 174, 4, 12, '2020-09-15 08:52:10', '2020-09-15 08:52:10'),
(11, 'accusamus', 'Adipisci qui facilis voluptatem magni est. Recusandae repellat et cumque molestiae nostrum fugiat asperiores. At est repellendus est sunt ipsa voluptas veritatis illo. Dolor non culpa officiis dolorem quisquam sint eos ipsum. Labore possimus debitis qui et et sunt.', 385, 5, 24, '2020-09-15 08:52:10', '2020-09-15 08:52:10'),
(12, 'iure', 'Voluptas fugit id et non atque recusandae culpa. Repudiandae architecto non ducimus neque. Minima rerum quod ad molestias quis cupiditate.', 473, 4, 7, '2020-09-15 08:52:10', '2020-09-15 08:52:10'),
(13, 'illo', 'Ex quisquam et beatae quisquam. Fuga ut rem quam non et fugit tenetur. Et nemo voluptas harum nulla. Provident aut aut qui exercitationem exercitationem dolores.', 844, 8, 22, '2020-09-15 08:52:10', '2020-09-15 08:52:10'),
(14, 'qui', 'Accusantium dolor aspernatur consequuntur consequatur ut sunt id. Sapiente consectetur modi magnam sit rem. Sint iusto assumenda voluptatibus quaerat. Nemo hic voluptatem impedit et explicabo harum soluta. Expedita commodi iste rerum quas fugit rem.', 968, 2, 20, '2020-09-15 08:52:10', '2020-09-15 08:52:10'),
(15, 'non', 'Ratione quasi corrupti et et aperiam dolorem. Et tempora nobis vitae assumenda ab. Aspernatur quae illum maiores aperiam sequi. Facere ab beatae ipsum odit beatae quia ea.', 724, 7, 7, '2020-09-15 08:52:10', '2020-09-15 08:52:10'),
(16, 'nihil', 'Est voluptatem aut blanditiis dignissimos beatae. Minima laborum accusamus ad aut provident fuga. Molestiae laudantium autem quibusdam dolorem natus autem aut dolor. Quo quis rerum optio aliquid quis doloremque.', 716, 4, 20, '2020-09-15 08:52:10', '2020-09-15 08:52:10'),
(17, 'harum', 'Earum esse dolore provident officiis molestiae fuga. Explicabo reprehenderit molestiae est repudiandae sapiente. Magni illum enim dolore quos hic libero commodi ullam. Ipsum eos quia et autem alias.', 549, 3, 23, '2020-09-15 08:52:10', '2020-09-15 08:52:10'),
(18, 'aliquid', 'Iusto minus laborum quia quas et ut. Pariatur dolorem eum explicabo cumque. Dolor repellendus ullam rerum consequuntur esse ut exercitationem.', 442, 6, 9, '2020-09-15 08:52:10', '2020-09-15 08:52:10'),
(19, 'repudiandae', 'Ullam aut blanditiis est adipisci expedita. Cumque qui dolor ut et est hic. Voluptatibus culpa itaque ducimus praesentium cupiditate numquam labore.', 135, 0, 4, '2020-09-15 08:52:10', '2020-09-15 08:52:10'),
(20, 'assumenda', 'Excepturi quam totam in deserunt sit qui molestias. Maiores illum quos omnis veniam at at.', 130, 4, 26, '2020-09-15 08:52:10', '2020-09-15 08:52:10'),
(21, 'sit', 'Est qui eveniet magni perspiciatis vel. Ipsum eum minima dolor qui minima. Dolorem eos vero non saepe reiciendis quia.', 404, 6, 16, '2020-09-15 08:52:10', '2020-09-15 08:52:10'),
(22, 'deserunt', 'Minus esse pariatur minima. Praesentium unde provident rerum illum id ipsa animi.', 935, 8, 7, '2020-09-15 08:52:10', '2020-09-15 08:52:10'),
(23, 'quis', 'Laboriosam distinctio nisi praesentium occaecati. Omnis sit autem quas hic eos ipsa nulla hic. Ut non voluptatem et vitae at.', 143, 4, 26, '2020-09-15 08:52:10', '2020-09-15 08:52:10'),
(24, 'asperiores', 'Itaque placeat quo et nemo velit unde. Animi dolores numquam saepe et. Vel atque omnis doloremque voluptas quasi rerum. Dolor et laborum dolore qui quis.', 509, 6, 17, '2020-09-15 08:52:10', '2020-09-15 08:52:10'),
(25, 'sequi', 'Voluptatum neque deleniti vero facilis. Odit tempora atque unde quo voluptate accusantium doloribus. Sequi sed quasi voluptatem occaecati atque. Dolorem voluptate qui quas error eveniet officiis.', 900, 4, 16, '2020-09-15 08:52:10', '2020-09-15 08:52:10'),
(26, 'consequatur', 'Eos natus tempore similique quia vero fugit in. Qui sequi et autem temporibus. Adipisci harum debitis minus enim.', 601, 6, 19, '2020-09-15 08:52:10', '2020-09-15 08:52:10'),
(27, 'quia', 'Quidem quisquam nihil culpa provident praesentium molestias. Expedita quasi omnis doloremque quaerat ex. Consectetur modi molestiae voluptatem repellat quis. Quis animi voluptas ea rerum voluptas consequuntur dolores.', 236, 6, 8, '2020-09-15 08:52:10', '2020-09-15 08:52:10'),
(28, 'minima', 'Quo voluptates optio quia illo laboriosam vero tempore soluta. Ut nulla ipsum expedita omnis. Labore aut cumque eos. Voluptatem officiis facere aut qui voluptatem.', 907, 3, 21, '2020-09-15 08:52:10', '2020-09-15 08:52:10'),
(29, 'alias', 'Consequatur error sit dolor est et. Iusto est consequatur dolorum voluptatem. Aut et neque est sunt nisi.', 472, 0, 25, '2020-09-15 08:52:10', '2020-09-15 08:52:10'),
(30, 'minima', 'Et blanditiis iste non ut voluptatem. Laborum qui et libero dolor adipisci eius. Et accusamus magnam eum laudantium est.', 373, 7, 12, '2020-09-15 08:52:10', '2020-09-15 08:52:10'),
(31, 'eos', 'Natus culpa officiis esse. Voluptatem quod quisquam distinctio qui corrupti autem ratione ut. Nostrum temporibus quaerat modi nesciunt sint repudiandae aspernatur.', 642, 9, 12, '2020-09-15 08:52:10', '2020-09-15 08:52:10'),
(32, 'possimus', 'Aperiam molestias dolores quis necessitatibus. Est aut odio rem iure ducimus ex. Eaque labore ut quis consequatur sit. Provident labore provident harum voluptatem recusandae adipisci dolores. Dolores ut reiciendis non.', 168, 2, 8, '2020-09-15 08:52:10', '2020-09-15 08:52:10'),
(33, 'maxime', 'At nam quidem quidem deserunt molestiae. Ipsam quibusdam dolores explicabo aliquam.', 431, 9, 26, '2020-09-15 08:52:10', '2020-09-15 08:52:10'),
(34, 'vitae', 'Omnis minima qui et libero ut. Autem commodi iste similique veritatis quis numquam quas aut. Rerum et voluptates dicta.', 189, 7, 20, '2020-09-15 08:52:10', '2020-09-15 08:52:10'),
(35, 'non', 'Qui sunt mollitia voluptatibus temporibus qui. Aut exercitationem sint qui et eos voluptas necessitatibus. Consectetur inventore necessitatibus voluptates a corporis minus dolorem. Blanditiis aut fugit molestiae fugit voluptates dolorem quaerat.', 678, 8, 4, '2020-09-15 08:52:10', '2020-09-15 08:52:10'),
(36, 'sequi', 'Porro eos excepturi quam fugiat quaerat sint odio. Fugiat porro rerum impedit nulla est. Et illo quo in nihil et voluptatum accusamus. Quam cumque expedita et minus tenetur fugit sequi. Maiores nihil voluptatem quia et nesciunt fuga nobis.', 345, 7, 27, '2020-09-15 08:52:10', '2020-09-15 08:52:10'),
(37, 'ut', 'Eius est voluptatem laboriosam nihil. Quae in quia non labore ratione autem. Fugit ut sequi molestiae eum voluptatibus distinctio quasi.', 965, 8, 23, '2020-09-15 08:52:10', '2020-09-15 08:52:10'),
(38, 'cum', 'Ut quo et unde eum. Omnis dicta in perferendis impedit corporis. Officiis suscipit ipsum eum consequuntur impedit eos pariatur similique.', 830, 2, 18, '2020-09-15 08:52:10', '2020-09-15 08:52:10'),
(39, 'ut', 'Natus quibusdam iste reiciendis aut asperiores. Suscipit rerum a quasi dolorem a. Ipsa fugiat est doloremque illum beatae aut.', 792, 8, 19, '2020-09-15 08:52:10', '2020-09-15 08:52:10'),
(40, 'dolor', 'Et ab praesentium occaecati sunt ad temporibus. Ex asperiores eos et accusantium.', 432, 1, 7, '2020-09-15 08:52:10', '2020-09-15 08:52:10'),
(41, 'reiciendis', 'Vitae aliquam nisi dignissimos voluptatibus. Veniam non totam et architecto ipsa. Ut veritatis dolorem dolor ut necessitatibus dolores. Commodi consequatur inventore similique nihil facilis cumque.', 618, 1, 27, '2020-09-15 08:52:10', '2020-09-15 08:52:10'),
(42, 'minus', 'Qui sunt non ut enim fuga optio. Ipsa beatae tempora tenetur consequatur. Aut quibusdam ullam ut sit molestiae quia libero.', 589, 3, 26, '2020-09-15 08:52:10', '2020-09-15 08:52:10'),
(43, 'et', 'Voluptatem ut sint qui ut eos in. Sunt enim molestias id. Dolor laudantium sit maiores sit quia veniam.', 216, 7, 26, '2020-09-15 08:52:10', '2020-09-15 08:52:10'),
(44, 'maxime', 'Sint reiciendis accusamus laboriosam hic et. Modi consequuntur minima est. Sit nihil omnis quia similique voluptatem eveniet iusto. Sit modi eum suscipit harum neque voluptas voluptatem.', 262, 1, 7, '2020-09-15 08:52:10', '2020-09-15 08:52:10'),
(45, 'consequuntur', 'Sit et accusamus molestiae at quisquam. Consequatur cupiditate quis animi pariatur nulla autem. Sunt illo rerum quidem mollitia. Libero aut odio beatae nesciunt est quas quidem.', 483, 4, 8, '2020-09-15 08:52:10', '2020-09-15 08:52:10'),
(46, 'et', 'Officiis sed tempore quaerat nemo qui sit. Dolor minima deleniti omnis illum suscipit recusandae atque facilis. Unde quis veniam accusamus qui.', 604, 6, 18, '2020-09-15 08:52:10', '2020-09-15 08:52:10'),
(47, 'libero', 'Eos sapiente ea explicabo ex. Ea quas est quia.', 386, 0, 27, '2020-09-15 08:52:10', '2020-09-15 08:52:10'),
(48, 'eos', 'Qui atque distinctio ut ipsum quia ducimus. Voluptatem rerum non illo eligendi nihil. Fuga aliquam adipisci ex velit dolores.', 831, 5, 18, '2020-09-15 08:52:10', '2020-09-15 08:52:10'),
(49, 'accusamus', 'Autem veniam suscipit aut et ullam repellendus. Vero sed aspernatur officiis velit explicabo. Aperiam et quo voluptate vel est.', 354, 4, 23, '2020-09-15 08:52:10', '2020-09-15 08:52:10'),
(50, 'sed', 'Velit consequuntur iure dolor expedita quaerat. Aut minima atque voluptatem sint laudantium quasi sed et. Sequi quae delectus nihil soluta. Vel perspiciatis magni minus cupiditate et laboriosam quisquam.', 931, 6, 4, '2020-09-15 08:52:10', '2020-09-15 08:52:10');

-- --------------------------------------------------------

--
-- Table structure for table `reviews`
--

CREATE TABLE `reviews` (
  `id` int(10) UNSIGNED NOT NULL,
  `product_id` int(10) UNSIGNED NOT NULL,
  `customer` varchar(255) COLLATE utf8mb4_unicode_ci NOT NULL,
  `review` text COLLATE utf8mb4_unicode_ci NOT NULL,
  `star` int(11) NOT NULL,
  `created_at` timestamp NULL DEFAULT NULL,
  `updated_at` timestamp NULL DEFAULT NULL
) ENGINE=InnoDB DEFAULT CHARSET=utf8mb4 COLLATE=utf8mb4_unicode_ci;

--
-- Dumping data for table `reviews`
--

INSERT INTO `reviews` (`id`, `product_id`, `customer`, `review`, `star`, `created_at`, `updated_at`) VALUES
(1, 4, 'Mavis Sipes', 'Debitis harum laboriosam aspernatur ea vitae aut animi est. Qui vero maiores qui. Dignissimos sequi illo laudantium eos sapiente.', 4, '2020-09-15 08:52:11', '2020-09-15 08:52:11'),
(2, 9, 'Prof. Lorenzo Koch', 'Corporis corrupti voluptas sunt. Id voluptatem veniam reprehenderit. Voluptatem sit laborum a. Voluptatum tempore aut nostrum.', 4, '2020-09-15 08:52:11', '2020-09-15 08:52:11'),
(3, 13, 'Ms. Dayna Cassin', 'Perspiciatis tenetur voluptatem culpa aspernatur nobis. Labore tenetur est deserunt et qui ut. Aut dolores eligendi necessitatibus enim ut iure cumque. Impedit eveniet commodi expedita quos rem pariatur voluptatem neque.', 2, '2020-09-15 08:52:11', '2020-09-15 08:52:11'),
(4, 42, 'Corine Kilback II', 'Qui nisi dolor nemo dolorum architecto velit. Sed repudiandae ducimus omnis est. Suscipit quas illo ea enim. Ut quam sapiente ea temporibus et.', 5, '2020-09-15 08:52:11', '2020-09-15 08:52:11'),
(5, 35, 'Ella Sanford', 'Adipisci quod iure ut corrupti ab vero quaerat ab. Tenetur architecto et dolor. Ducimus aut quaerat voluptatem consequuntur sint.', 0, '2020-09-15 08:52:11', '2020-09-15 08:52:11'),
(6, 36, 'Vena Kulas', 'Ipsum illo dolor omnis nesciunt odit. Distinctio perferendis qui ut vel possimus. Nobis cum quia modi. Ut sit aut nihil.', 2, '2020-09-15 08:52:11', '2020-09-15 08:52:11'),
(7, 2, 'Anthony Sawayn', 'Reprehenderit officiis eveniet aut consequatur nulla sint eum. Vero nulla ut dolor possimus rerum voluptas. Beatae hic veritatis et ut fugit impedit.', 1, '2020-09-15 08:52:11', '2020-09-15 08:52:11'),
(8, 4, 'Issac Breitenberg', 'Ex dicta eius quae cumque qui asperiores nobis. Fugiat quae sed est suscipit alias molestiae asperiores. Explicabo pariatur culpa perspiciatis ut perspiciatis. Quia non atque ratione repudiandae.', 1, '2020-09-15 08:52:11', '2020-09-15 08:52:11'),
(9, 26, 'Arthur Ledner', 'Nihil illum nostrum deleniti inventore a. Dolore ea aut tempore corporis nostrum. Reprehenderit totam adipisci quibusdam.', 2, '2020-09-15 08:52:11', '2020-09-15 08:52:11'),
(10, 19, 'Gavin Lehner', 'Minima eum quia similique eum enim fugit reiciendis aperiam. Ratione perferendis impedit deleniti. Magnam voluptas voluptas velit praesentium exercitationem. Commodi est sed sint explicabo dolores velit.', 5, '2020-09-15 08:52:11', '2020-09-15 08:52:11'),
(11, 11, 'Dr. Abelardo Johnston DDS', 'Architecto voluptatem officiis autem nesciunt omnis reiciendis dolores. Sit animi ipsam nobis voluptas eos officia et. Laboriosam eius quam perspiciatis accusamus fuga nisi est.', 5, '2020-09-15 08:52:11', '2020-09-15 08:52:11'),
(12, 29, 'Alvena Stehr', 'Officia porro deleniti beatae corrupti quia ipsa. Et quidem voluptas a minima molestiae. Magni deserunt eum sunt fugit a aut.', 4, '2020-09-15 08:52:11', '2020-09-15 08:52:11'),
(13, 31, 'Rupert Streich', 'Occaecati similique totam voluptatum minima minus ullam est. Cumque excepturi aut optio sed facere rerum quibusdam. Sed unde est id beatae ut. Sapiente qui fuga vel rerum sunt eveniet quia.', 2, '2020-09-15 08:52:11', '2020-09-15 08:52:11'),
(14, 4, 'Ruthie Kertzmann', 'Doloremque dolore dolorem et modi quae. Dolores earum voluptatem culpa fuga ut dolore unde nobis. Amet ut non dolores. Amet quia voluptate sunt.', 3, '2020-09-15 08:52:11', '2020-09-15 08:52:11'),
(15, 20, 'Favian Terry III', 'Voluptas sunt iusto molestiae impedit deleniti sed natus. Eos quaerat veritatis voluptates occaecati veniam delectus ea. Occaecati alias quia ut quo rerum. Blanditiis quaerat eius dolor voluptatem voluptas in. Illum quo nostrum quos possimus eaque.', 2, '2020-09-15 08:52:11', '2020-09-15 08:52:11'),
(16, 6, 'Vincenzo Casper', 'Cupiditate et eum quia natus sed sapiente nostrum et. Excepturi nam molestias nulla dolores et numquam asperiores quod. Culpa eum quia quisquam accusantium. Mollitia voluptates qui ex. Necessitatibus tempora placeat cum quos sint dolorem quae.', 0, '2020-09-15 08:52:11', '2020-09-15 08:52:11'),
(17, 35, 'Mrs. Kaitlin Dickinson', 'Ut quis molestiae dicta quo neque nesciunt aliquid voluptate. Quia at magni exercitationem beatae quibusdam optio quod.', 1, '2020-09-15 08:52:11', '2020-09-15 08:52:11'),
(18, 34, 'Prof. Luis Bechtelar', 'Quo esse beatae vitae laborum sit distinctio ea. Facere sit est ipsam architecto reprehenderit veniam voluptas. Dolorem nam qui consequatur omnis et ducimus necessitatibus. Odio expedita tempora qui provident consequatur minus repellendus.', 0, '2020-09-15 08:52:11', '2020-09-15 08:52:11'),
(19, 21, 'Brooke Hane', 'Est ut soluta consequatur modi. Praesentium vitae mollitia incidunt quo. Fuga velit fugiat aut consequuntur laboriosam eos.', 3, '2020-09-15 08:52:11', '2020-09-15 08:52:11'),
(20, 29, 'Cortney Hagenes', 'Laudantium deleniti quibusdam natus ut. Tempore consequatur expedita rerum quaerat. Rerum eum nemo ipsa.', 1, '2020-09-15 08:52:11', '2020-09-15 08:52:11'),
(21, 20, 'Prof. Alejandrin Mueller Jr.', 'Eos autem eos magni minus soluta eos. Dignissimos quas unde asperiores cum vel praesentium. Et culpa laboriosam similique repellendus sed. Officiis voluptate aut ipsa.', 0, '2020-09-15 08:52:11', '2020-09-15 08:52:11'),
(22, 14, 'Alberto Bogan II', 'Necessitatibus non quas est odit. Doloribus temporibus mollitia autem aperiam assumenda omnis. Deserunt ea dicta repellendus earum architecto. Delectus repudiandae atque culpa dolores consectetur dolorem non est.', 2, '2020-09-15 08:52:11', '2020-09-15 08:52:11'),
(23, 4, 'Lydia Zemlak', 'Suscipit aut architecto corporis quaerat laborum sed. Tempora ex incidunt consequatur hic quasi et accusantium necessitatibus. Voluptatibus harum consequatur sint sit. Odio soluta hic qui dolores aperiam ad.', 0, '2020-09-15 08:52:11', '2020-09-15 08:52:11'),
(24, 33, 'Prof. Easter Funk', 'Odit distinctio magnam est at. Ratione possimus voluptas eius fugiat eos. Voluptas nam praesentium voluptatum consectetur.', 5, '2020-09-15 08:52:11', '2020-09-15 08:52:11'),
(25, 40, 'Wilson Zemlak', 'Vel inventore placeat saepe nam qui repudiandae. Non et accusantium eaque esse. Accusantium quam molestiae omnis occaecati. Et nisi atque neque voluptas quaerat id voluptatem iusto. Numquam odio accusamus quo officiis sint non.', 5, '2020-09-15 08:52:11', '2020-09-15 08:52:11'),
(26, 13, 'Mohammed Lakin', 'Quod illo eaque quia iste. Distinctio accusamus minima quo omnis. Velit modi officiis iste vel asperiores.', 0, '2020-09-15 08:52:11', '2020-09-15 08:52:11'),
(27, 26, 'Mr. Jefferey Fadel', 'Ea ab architecto et. Eligendi vel alias itaque dignissimos quis dolor laudantium quia. Natus dolore sed sapiente voluptatem et minima. Unde earum occaecati ut pariatur occaecati iure cupiditate.', 4, '2020-09-15 08:52:11', '2020-09-15 08:52:11'),
(28, 33, 'Prof. Patricia Krajcik Sr.', 'Et adipisci quasi eum quia. Dolore delectus quia sint. Labore molestias voluptas autem quo quaerat facere. Labore ea quia tempora rerum.', 2, '2020-09-15 08:52:11', '2020-09-15 08:52:11'),
(29, 15, 'Burdette Gaylord', 'Officiis quam quia est aliquid quia. Enim modi qui iusto omnis incidunt totam voluptates eius. Debitis voluptatem nisi amet enim.', 0, '2020-09-15 08:52:11', '2020-09-15 08:52:11'),
(30, 35, 'Dr. Trever Carter IV', 'Adipisci incidunt reiciendis alias sint. Voluptas quis eligendi reiciendis cum. Iure corrupti asperiores omnis atque. Non amet ipsum sunt veritatis aut.', 0, '2020-09-15 08:52:11', '2020-09-15 08:52:11'),
(31, 28, 'Edmund Maggio', 'Necessitatibus deleniti laboriosam aliquid harum inventore aperiam. Ratione sequi nostrum quia laudantium neque. Quo nisi molestiae repellat facilis.', 0, '2020-09-15 08:52:11', '2020-09-15 08:52:11'),
(32, 13, 'Miss Carolyn Greenfelder', 'Hic placeat perspiciatis consequuntur voluptas. Omnis aut modi dolorem consequatur cumque harum quia. Mollitia et iusto accusantium ipsum enim. Et sunt quo voluptatibus hic.', 2, '2020-09-15 08:52:11', '2020-09-15 08:52:11'),
(33, 16, 'Jacey Stanton I', 'Pariatur quis animi qui cumque qui fugiat nesciunt. Dignissimos excepturi voluptas quia est quo nam ad. Perferendis quisquam sit eligendi quibusdam est mollitia.', 3, '2020-09-15 08:52:11', '2020-09-15 08:52:11'),
(34, 7, 'Amy Schoen', 'In et soluta saepe nihil voluptas quidem ipsam. Itaque dolor iste facere omnis officiis repellat velit cum. Quos velit nemo aut quo cum nesciunt. Tenetur et autem eligendi ut.', 5, '2020-09-15 08:52:11', '2020-09-15 08:52:11'),
(35, 46, 'Douglas Schamberger', 'Veritatis iste aut eum et sed veniam et. Voluptates quia voluptatem aperiam id consequatur. Qui fugit modi sed qui id deserunt.', 2, '2020-09-15 08:52:11', '2020-09-15 08:52:11'),
(36, 45, 'Sim Turner', 'Doloribus rerum perspiciatis molestiae quibusdam quia aspernatur quia. Sunt sit laborum ipsam eum ut sed. Et omnis quibusdam asperiores illum perspiciatis culpa illo.', 2, '2020-09-15 08:52:11', '2020-09-15 08:52:11'),
(37, 43, 'Myah Monahan', 'Aut vero harum nemo cum suscipit nisi dolor. Voluptatem illum eaque et. Aut enim quia in.', 0, '2020-09-15 08:52:11', '2020-09-15 08:52:11'),
(38, 42, 'Genoveva Feeney', 'Ratione porro porro eos illo voluptas. Occaecati nesciunt aspernatur et quod corrupti officiis minus. Nihil voluptatem harum aut laudantium omnis commodi. Et qui sit expedita reiciendis qui quia sit.', 4, '2020-09-15 08:52:11', '2020-09-15 08:52:11'),
(39, 10, 'Fredrick Schoen', 'Animi quia et et sunt. Veniam id modi sapiente ea praesentium ducimus distinctio libero. Quia qui qui doloremque est aut sed.', 5, '2020-09-15 08:52:11', '2020-09-15 08:52:11'),
(40, 38, 'Margaret Blanda', 'Accusantium quidem sunt odio vitae perferendis. Sed inventore ut eos laborum. Maiores necessitatibus sunt deserunt.', 5, '2020-09-15 08:52:11', '2020-09-15 08:52:11'),
(41, 35, 'Estelle Weissnat', 'Fugit ut ad rerum est doloribus. Et velit similique consequatur exercitationem numquam perspiciatis. Incidunt atque dicta porro qui at aut et. Quidem quo sed velit cum maxime id.', 3, '2020-09-15 08:52:11', '2020-09-15 08:52:11'),
(42, 13, 'Candelario Kuphal', 'Ut quidem necessitatibus autem. Error enim sed eaque accusantium et voluptatem voluptatem. Impedit harum ex voluptatem aliquam harum.', 5, '2020-09-15 08:52:11', '2020-09-15 08:52:11'),
(43, 27, 'Arne Harris', 'Placeat officia autem dolore quidem et veniam. Deleniti repudiandae quia enim est necessitatibus cum nostrum. Necessitatibus enim accusantium consequatur consequatur aut debitis iusto.', 4, '2020-09-15 08:52:11', '2020-09-15 08:52:11'),
(44, 47, 'Mr. Ashton Dare', 'In animi ratione laboriosam commodi voluptas hic inventore cumque. Eligendi quisquam unde expedita similique. Et voluptate architecto quod esse eos fugiat. Voluptas voluptate quis quia corrupti.', 0, '2020-09-15 08:52:11', '2020-09-15 08:52:11'),
(45, 50, 'Luther Parisian', 'Nisi velit qui voluptates at et. Ipsa necessitatibus et occaecati libero omnis voluptas. Voluptatem molestiae non et ut velit sit et. Suscipit sapiente debitis odit. Non voluptate est fuga assumenda.', 5, '2020-09-15 08:52:11', '2020-09-15 08:52:11'),
(46, 31, 'Flossie Heller', 'Et et non saepe accusamus aut exercitationem quidem. Cupiditate doloribus consequatur quo maiores quis eum incidunt beatae. Commodi adipisci nam perferendis exercitationem est soluta.', 4, '2020-09-15 08:52:11', '2020-09-15 08:52:11'),
(47, 7, 'Ms. Aiyana Stracke', 'Aut vero consequatur amet et dolore doloribus. Deserunt quia quod amet. Autem ipsa enim qui tempora. Facere qui ipsa ullam similique.', 4, '2020-09-15 08:52:11', '2020-09-15 08:52:11'),
(48, 11, 'Mrs. Jada Brakus', 'Voluptas earum doloremque eaque voluptatum accusamus id ut veniam. Eius soluta repellendus sint. Aut vero quia ipsa exercitationem reiciendis dolore est. Quia dignissimos omnis temporibus provident molestias consequatur.', 2, '2020-09-15 08:52:11', '2020-09-15 08:52:11'),
(49, 35, 'Braulio Schneider', 'Officia illo consectetur beatae exercitationem et. Quos dolores tenetur fuga architecto temporibus in sit. Similique est suscipit at deserunt quia tempore tempore eos. Doloribus sequi maiores illo ullam.', 1, '2020-09-15 08:52:11', '2020-09-15 08:52:11'),
(50, 16, 'Bret O\'Kon', 'Veniam impedit perferendis et error. Eum aut ut doloribus quam et ut repellat.', 4, '2020-09-15 08:52:11', '2020-09-15 08:52:11'),
(51, 23, 'Lora Connelly', 'Quis saepe sed ab et. Rerum et pariatur earum nisi maxime sit.', 1, '2020-09-15 08:52:11', '2020-09-15 08:52:11'),
(52, 22, 'Wilfred Mante', 'Sapiente ratione debitis ut molestiae. Qui in iste illum dolores repudiandae qui fugiat. Sint tempore ea aut tempore.', 5, '2020-09-15 08:52:11', '2020-09-15 08:52:11'),
(53, 21, 'Bud Lockman DDS', 'Aliquam vel dolor aliquid magnam ut recusandae qui. Odit quia aliquam accusamus doloribus voluptatem quia ut cupiditate.', 2, '2020-09-15 08:52:11', '2020-09-15 08:52:11'),
(54, 19, 'Genevieve Jaskolski', 'Ab ut magnam veniam at sed id. Soluta consequatur incidunt sint voluptatibus. Quis qui atque fugit omnis ut reiciendis.', 3, '2020-09-15 08:52:11', '2020-09-15 08:52:11'),
(55, 12, 'Murray Erdman PhD', 'Omnis hic fuga iure aut architecto. Explicabo et ut culpa. Neque debitis nam tenetur ratione ratione quos cupiditate consectetur.', 0, '2020-09-15 08:52:11', '2020-09-15 08:52:11'),
(56, 13, 'Miss Abigail Kertzmann', 'Ut occaecati quibusdam ut veritatis harum ipsam. Aut non est culpa illo qui enim rerum. Earum odit nihil officiis assumenda quis quia odit. At possimus praesentium voluptatem possimus quisquam qui.', 0, '2020-09-15 08:52:11', '2020-09-15 08:52:11'),
(57, 35, 'Josefa Emmerich', 'Qui quae labore error qui incidunt. Architecto consectetur qui eos consequatur. Qui et non quia. Optio nihil sit recusandae esse quibusdam minima.', 1, '2020-09-15 08:52:11', '2020-09-15 08:52:11'),
(58, 8, 'Dr. Selina Friesen III', 'Amet et provident qui ut voluptatibus. Suscipit sit sunt expedita quam voluptas reprehenderit nam. Facere autem dolor et blanditiis. Nihil nulla qui illo voluptatem hic repellendus harum. Nesciunt tenetur sed et hic.', 2, '2020-09-15 08:52:11', '2020-09-15 08:52:11'),
(59, 1, 'Kenya Stark', 'Fugit et facere dolor adipisci recusandae molestias animi. Fugit necessitatibus quo voluptates accusamus sed ut ut. Quis dolorem ex saepe laborum sit qui.', 2, '2020-09-15 08:52:11', '2020-09-15 08:52:11'),
(60, 15, 'Leif Hartmann', 'Quia exercitationem enim ut. Reprehenderit labore et quaerat harum incidunt.', 2, '2020-09-15 08:52:11', '2020-09-15 08:52:11'),
(61, 35, 'Florencio McDermott DDS', 'Enim accusamus animi voluptatem dolorem. Repellendus qui ducimus recusandae rerum soluta aut aliquam. Illum ipsam dicta quia cumque pariatur delectus.', 3, '2020-09-15 08:52:11', '2020-09-15 08:52:11'),
(62, 18, 'Prof. Ollie Hickle I', 'Voluptas possimus aliquid voluptatem. Ut sit voluptatem id suscipit quia asperiores. Debitis quo architecto itaque quia laudantium eum non quia. Dolores deserunt nulla amet molestias minima.', 3, '2020-09-15 08:52:11', '2020-09-15 08:52:11'),
(63, 24, 'Berta Flatley', 'Non quis quia natus eligendi natus quaerat animi. Sit consequatur voluptatem est dolor. Inventore molestiae voluptatem ea quaerat aut consequatur eveniet. Et amet ullam consequuntur omnis quo voluptas.', 2, '2020-09-15 08:52:11', '2020-09-15 08:52:11'),
(64, 31, 'Giovanna Bartell', 'Eum tempore ducimus ipsa. Rerum quis qui dolor deserunt ullam aut. Aspernatur architecto quia aut voluptatum laboriosam et.', 5, '2020-09-15 08:52:11', '2020-09-15 08:52:11'),
(65, 20, 'Bernhard Gerlach', 'Cupiditate modi ut dolore dolor enim omnis impedit. Provident et tenetur aliquam. Id quod asperiores sint. Exercitationem rerum numquam cumque sit non quia.', 1, '2020-09-15 08:52:11', '2020-09-15 08:52:11'),
(66, 30, 'Kadin Williamson', 'Est nesciunt ipsum veniam quod molestias reprehenderit. Aut laudantium voluptatem delectus qui tempore et et veniam. Dignissimos error dolorum a tempore. Et et et distinctio.', 3, '2020-09-15 08:52:11', '2020-09-15 08:52:11'),
(67, 11, 'Prof. Loyal Becker IV', 'Dolor autem fugiat autem et ut deserunt est eos. Nam beatae tempore ea distinctio ut repudiandae ipsum nisi. Rerum architecto debitis dicta est ut recusandae itaque. Aliquid sed odio sit odio.', 2, '2020-09-15 08:52:11', '2020-09-15 08:52:11'),
(68, 17, 'Arjun Schneider', 'Officia excepturi voluptatibus est earum id asperiores molestiae. Molestiae commodi aliquid tenetur atque qui et et ab. Ullam dicta deserunt quia sunt sit doloremque accusamus.', 0, '2020-09-15 08:52:11', '2020-09-15 08:52:11'),
(69, 49, 'Mrs. Margret Keebler', 'A amet assumenda animi ab. Non nostrum maiores omnis reprehenderit quo sed. Eaque rem aut dolores voluptate sit maiores error.', 3, '2020-09-15 08:52:11', '2020-09-15 08:52:11'),
(70, 25, 'Ryann Wolff MD', 'Rem occaecati qui nesciunt at. Voluptatum soluta nulla laudantium vel. Eum ipsam consectetur sit voluptate fugit nesciunt. Laborum totam reiciendis quos aut.', 4, '2020-09-15 08:52:11', '2020-09-15 08:52:11'),
(71, 8, 'Aubrey O\'Connell', 'Laborum temporibus et ratione repellat. Ut consequatur quisquam quis maiores eaque. Eum doloribus occaecati aut non.', 4, '2020-09-15 08:52:11', '2020-09-15 08:52:11'),
(72, 15, 'Ms. Guadalupe Bailey', 'Laborum animi officiis omnis. Earum esse soluta tempora voluptas. Unde suscipit doloremque sed consectetur rerum aut.', 0, '2020-09-15 08:52:11', '2020-09-15 08:52:11'),
(73, 40, 'Dr. Jed Grady Sr.', 'Illo qui eos eligendi maxime voluptatum cupiditate porro. Minima facere omnis nam ut corporis eum.', 3, '2020-09-15 08:52:11', '2020-09-15 08:52:11'),
(74, 6, 'Maximilian Mayert Sr.', 'Officiis ut sint occaecati tempore repudiandae velit. Sunt architecto sit itaque voluptas laboriosam sit vel. Qui dolorum dolorem voluptatum quasi molestiae fugit dolorem. Voluptate mollitia quo debitis explicabo alias error.', 3, '2020-09-15 08:52:11', '2020-09-15 08:52:11'),
(75, 3, 'Soledad Adams', 'Quos non ipsam temporibus tenetur. Nisi et voluptatem tempore expedita qui. Praesentium dolorem ut perspiciatis a quidem dolor atque. Sit qui aliquam non ipsum enim quia non.', 4, '2020-09-15 08:52:11', '2020-09-15 08:52:11'),
(76, 21, 'Asia Zemlak', 'Laborum voluptatem voluptatem sapiente ad repudiandae cum amet optio. Aut veritatis commodi ut. Et qui ea et quas libero.', 1, '2020-09-15 08:52:11', '2020-09-15 08:52:11'),
(77, 31, 'Flossie Swift', 'Eos ex omnis officiis praesentium fuga sed et. Laudantium id laborum hic. Sed tempora porro optio quas deleniti.', 3, '2020-09-15 08:52:11', '2020-09-15 08:52:11'),
(78, 2, 'Mr. Arlo Roberts', 'Illo ut mollitia dicta et cupiditate odit ab. Tempora omnis numquam minus est autem nemo. Odit ad provident quia adipisci maiores minima.', 4, '2020-09-15 08:52:11', '2020-09-15 08:52:11'),
(79, 29, 'Mrs. Daija Quigley', 'Molestiae ut eveniet fuga et quisquam et unde. Voluptatibus vero qui et quo ipsa id quo. Sit illum necessitatibus nulla sit culpa at voluptatum deleniti. Quas hic id dicta commodi dolor ad architecto et.', 5, '2020-09-15 08:52:11', '2020-09-15 08:52:11'),
(80, 26, 'Hope Wisoky V', 'Culpa ea ut laboriosam commodi. Sunt et dicta autem.', 0, '2020-09-15 08:52:11', '2020-09-15 08:52:11'),
(81, 17, 'Noemi Effertz', 'Alias et maiores et libero autem est. Aspernatur tenetur sed officia tenetur ea. Rerum delectus laboriosam debitis ex est. Ipsam in molestias et corrupti non esse delectus.', 5, '2020-09-15 08:52:11', '2020-09-15 08:52:11'),
(82, 43, 'Dr. Terence Eichmann', 'Aut nihil est expedita fuga debitis debitis. Eius accusantium et quia dolor molestiae. Qui esse et et saepe molestiae esse. Possimus enim laboriosam rem in. Laboriosam fuga dolorem eveniet fuga quos repudiandae.', 1, '2020-09-15 08:52:11', '2020-09-15 08:52:11'),
(83, 8, 'Trudie Jast', 'Sequi ex dicta nemo tempore ut eum. Quo et architecto aut sed minus cum. Velit sunt doloremque nemo iure ex dolores asperiores.', 0, '2020-09-15 08:52:11', '2020-09-15 08:52:11'),
(84, 21, 'Marcellus Yost', 'Officiis distinctio neque assumenda dolorem est nobis. Sint ut magnam cum omnis. Aspernatur atque rerum animi culpa molestias eos. Exercitationem perspiciatis qui magnam quo ea at.', 5, '2020-09-15 08:52:11', '2020-09-15 08:52:11'),
(85, 1, 'Ms. Arielle Farrell', 'Est sed illum totam autem voluptates repellendus. Nulla necessitatibus ea numquam nihil quaerat. Maxime velit et quod. Impedit autem praesentium consequatur recusandae fuga ut.', 5, '2020-09-15 08:52:11', '2020-09-15 08:52:11'),
(86, 18, 'Dr. Gene Balistreri', 'Laudantium libero atque dignissimos. Qui cumque facere non esse dolores unde nihil. Officia quas enim ut quam voluptate perferendis ad enim. Alias culpa et repudiandae possimus.', 4, '2020-09-15 08:52:11', '2020-09-15 08:52:11'),
(87, 49, 'Caterina Konopelski', 'Recusandae in rem architecto rerum voluptas et id. Et atque tempore nemo numquam perferendis. Unde asperiores et neque laborum.', 3, '2020-09-15 08:52:11', '2020-09-15 08:52:11'),
(88, 48, 'Dustin McDermott', 'In soluta et quae molestiae in officiis. Cupiditate laborum vel recusandae id ut. Et ut excepturi repellat consequuntur. Ipsa ipsum eum sapiente sunt quia quasi.', 0, '2020-09-15 08:52:11', '2020-09-15 08:52:11'),
(89, 5, 'Candida Bruen', 'Quisquam dicta aliquam sapiente. Eum sunt laborum qui perspiciatis porro. Quia porro maxime odit.', 4, '2020-09-15 08:52:11', '2020-09-15 08:52:11'),
(90, 44, 'Godfrey Lind', 'Dolor illum doloremque nobis molestiae ut temporibus. Vero dolor quod suscipit autem. Atque dolores laboriosam asperiores vel deserunt quia accusamus.', 5, '2020-09-15 08:52:11', '2020-09-15 08:52:11'),
(91, 19, 'Shanelle Thiel', 'Est et nihil molestiae non minima. Rerum autem pariatur eum a soluta. Alias optio tenetur cumque velit voluptate rerum necessitatibus.', 1, '2020-09-15 08:52:11', '2020-09-15 08:52:11'),
(92, 1, 'Prof. Sonny Corkery III', 'Quibusdam tenetur et amet laborum iure optio voluptatem dolore. Facilis at et perferendis accusantium commodi quo illo expedita. Qui aut unde et quasi.', 2, '2020-09-15 08:52:11', '2020-09-15 08:52:11'),
(93, 44, 'Freeda Spinka', 'Aperiam nesciunt aperiam asperiores maiores. Excepturi voluptatem dolores laborum nemo labore. Voluptatem temporibus consequatur culpa cupiditate totam.', 0, '2020-09-15 08:52:11', '2020-09-15 08:52:11'),
(94, 49, 'Prof. Stevie Langworth I', 'Exercitationem distinctio aut cumque ut ullam ratione quia. Et vel quam cupiditate reiciendis nulla dicta eaque omnis. Sint aliquid debitis cupiditate debitis dolores.', 0, '2020-09-15 08:52:11', '2020-09-15 08:52:11'),
(95, 13, 'Miss Vivienne Cole DDS', 'Dolor fuga harum est asperiores et fuga ipsum. Officia tenetur eligendi laudantium incidunt dolor. Recusandae voluptas repudiandae dolor sunt expedita incidunt. Corrupti modi non sint perspiciatis esse praesentium.', 2, '2020-09-15 08:52:11', '2020-09-15 08:52:11'),
(96, 31, 'Euna Haag', 'Aut qui est rerum culpa repellat aperiam nemo. Perspiciatis ducimus totam expedita dolor voluptatem quis. Laborum ducimus consequatur commodi harum.', 4, '2020-09-15 08:52:11', '2020-09-15 08:52:11'),
(97, 29, 'Meda Raynor', 'Est dolorem excepturi sed suscipit voluptates. Dolorem quo esse voluptas voluptatem dolore deserunt ducimus. Est non nihil deserunt est placeat laudantium qui. Alias ducimus et ut fugit debitis vitae suscipit sit.', 3, '2020-09-15 08:52:11', '2020-09-15 08:52:11'),
(98, 28, 'Walker Koepp', 'Pariatur quos alias debitis sequi. Corrupti quisquam qui voluptatum quam soluta. Quia quod fugiat aliquid voluptatem velit a.', 4, '2020-09-15 08:52:11', '2020-09-15 08:52:11'),
(99, 27, 'Cristal Hermann', 'Dolores illo nam eos nulla. Ad eos voluptas sit. Ad numquam qui itaque qui ad adipisci unde. Omnis blanditiis assumenda et odio officia omnis vero.', 4, '2020-09-15 08:52:11', '2020-09-15 08:52:11'),
(100, 27, 'Prof. Norene Kuhlman', 'Quos minima velit dolor velit voluptate. Totam sed et cum. Magni consectetur repellat voluptatum ab et impedit et.', 1, '2020-09-15 08:52:11', '2020-09-15 08:52:11'),
(101, 45, 'Rebeka Becker PhD', 'Sed nisi maiores quae eum impedit. Ea est labore qui nemo consequatur sed. Inventore dolore quia architecto nobis optio delectus. Ipsum omnis voluptas sint qui quod beatae velit.', 2, '2020-09-15 08:52:11', '2020-09-15 08:52:11'),
(102, 46, 'Mr. Osvaldo Buckridge', 'Pariatur voluptas maiores excepturi nihil velit. Voluptas minus itaque sit. Voluptatem error aut ut saepe.', 3, '2020-09-15 08:52:11', '2020-09-15 08:52:11'),
(103, 32, 'Shanelle Lubowitz', 'Aliquam enim labore omnis quia natus enim totam. Aperiam ullam autem maiores architecto. Repudiandae praesentium in temporibus.', 5, '2020-09-15 08:52:11', '2020-09-15 08:52:11'),
(104, 49, 'Ron Harber DDS', 'Mollitia fugit quos quia. Quia dicta ut totam error quis quia aut. Molestias labore numquam blanditiis neque voluptates.', 2, '2020-09-15 08:52:11', '2020-09-15 08:52:11'),
(105, 28, 'Nathen O\'Reilly', 'Aperiam consequatur est voluptates animi. Esse possimus molestias error. Nam qui laboriosam nesciunt consequatur consequatur provident. Et est nihil soluta molestiae. Commodi quia omnis praesentium modi.', 0, '2020-09-15 08:52:11', '2020-09-15 08:52:11'),
(106, 44, 'Jabari Bins', 'Dolorem libero iste officiis iste laboriosam ipsum doloremque. Molestias autem ut id debitis ratione. Fugit et recusandae sapiente eius.', 5, '2020-09-15 08:52:11', '2020-09-15 08:52:11'),
(107, 49, 'Tanner Langosh', 'Occaecati et dolore maiores voluptatem laborum. Reprehenderit iusto maxime sunt atque explicabo. Ratione est ipsa blanditiis dolorem. Dolores numquam vel non nobis. Et ea illum voluptatem quas voluptate ratione sunt dolores.', 2, '2020-09-15 08:52:11', '2020-09-15 08:52:11'),
(108, 21, 'Odell Leffler', 'Et saepe quidem deserunt eveniet veritatis. Enim quia quo dolorem qui ad consequatur assumenda illo. Harum sunt quia assumenda ad dicta aspernatur. Dignissimos repellendus qui inventore saepe vel quisquam assumenda quidem.', 5, '2020-09-15 08:52:11', '2020-09-15 08:52:11'),
(109, 12, 'Ms. Layla Bins', 'Nisi omnis dolorem explicabo. Voluptatum et impedit et et. Omnis ducimus deserunt sit consequatur. Totam eum rerum rerum quas numquam enim quia.', 5, '2020-09-15 08:52:11', '2020-09-15 08:52:11'),
(110, 37, 'Cleve VonRueden II', 'Sunt eum quia tempora molestiae unde. Corrupti nemo aut ducimus dolores sed voluptas. Nisi fugit odio delectus impedit ut laboriosam quia.', 2, '2020-09-15 08:52:11', '2020-09-15 08:52:11'),
(111, 4, 'Kamron Von', 'Minus officia dolor cumque quia quos blanditiis. Quo consequatur ipsa aperiam sunt atque eligendi a. Possimus laboriosam minima et et id ab error.', 2, '2020-09-15 08:52:11', '2020-09-15 08:52:11'),
(112, 5, 'Miss Kaylin Davis II', 'Veniam ut voluptatem qui est vel. Expedita impedit a necessitatibus perspiciatis cum. Doloribus nisi minima accusamus vel dolor quia. Suscipit sint facilis officiis quaerat aut veritatis. Eligendi iure itaque perferendis.', 2, '2020-09-15 08:52:11', '2020-09-15 08:52:11'),
(113, 11, 'Jarrell Macejkovic', 'Neque laborum hic id voluptas iste. Voluptate qui nemo a fugiat eos. Totam cumque omnis aliquam recusandae voluptates non.', 5, '2020-09-15 08:52:11', '2020-09-15 08:52:11'),
(114, 9, 'Melody Boyer', 'Quisquam qui reprehenderit quas dolorem enim eos reiciendis. Aliquam eaque velit aliquam delectus quo porro minus quidem. Ut aperiam minima et soluta est repellat.', 0, '2020-09-15 08:52:11', '2020-09-15 08:52:11'),
(115, 43, 'Dr. Libby Kihn Sr.', 'Vitae aspernatur ea voluptatum eaque nihil voluptas temporibus. Quos sit incidunt enim assumenda quo ducimus quasi. Debitis non facere reprehenderit quisquam voluptates. Sed nam quasi corporis corrupti.', 3, '2020-09-15 08:52:11', '2020-09-15 08:52:11'),
(116, 15, 'Miss Laila Ebert', 'Nemo ut voluptates unde aut voluptatem aut. Rerum sequi totam magni maiores. Veniam omnis qui itaque voluptas est quidem.', 2, '2020-09-15 08:52:11', '2020-09-15 08:52:11'),
(117, 11, 'Ross Paucek', 'Ex quia labore non nihil. Qui odit dolore ut cum excepturi non. Minus in vel ducimus et voluptate. Ea quo eum qui itaque adipisci eum nobis.', 3, '2020-09-15 08:52:11', '2020-09-15 08:52:11'),
(118, 36, 'Dr. Eduardo Lueilwitz PhD', 'Id in repellendus quia ratione voluptatum illum debitis et. Nostrum placeat cumque voluptatem voluptas. Blanditiis repellat quam alias architecto.', 5, '2020-09-15 08:52:11', '2020-09-15 08:52:11'),
(119, 17, 'Niko Adams', 'Aut dolores ut minus est quia praesentium sit nihil. Assumenda eum facilis illum veritatis minus delectus. Quidem fugiat sit voluptatem earum veritatis.', 5, '2020-09-15 08:52:11', '2020-09-15 08:52:11'),
(120, 34, 'Sunny Rempel', 'Nesciunt distinctio blanditiis possimus. Rerum natus voluptas dolor laborum. Inventore est inventore molestiae inventore sapiente.', 1, '2020-09-15 08:52:11', '2020-09-15 08:52:11'),
(121, 1, 'Clotilde Yost', 'Aut numquam debitis sit enim aliquid. Unde quibusdam neque ut aliquam. Commodi sequi aliquam neque quo.', 1, '2020-09-15 08:52:11', '2020-09-15 08:52:11'),
(122, 23, 'Adrain Wuckert', 'Ipsa dolorum quia sit ut modi nisi. Placeat dolore similique fugiat perferendis quo est labore. Odit sed ab iusto officia possimus voluptatem.', 4, '2020-09-15 08:52:11', '2020-09-15 08:52:11'),
(123, 15, 'Litzy Heaney', 'Iusto consequatur ex qui quia qui doloremque nihil. Totam eligendi eum facere corporis aut. Eius cum autem sit dolor reiciendis asperiores repellat. Natus nemo cumque et.', 1, '2020-09-15 08:52:11', '2020-09-15 08:52:11'),
(124, 1, 'General Brown', 'Nihil qui quam explicabo nemo consectetur distinctio quod. Sed nesciunt et perspiciatis. Qui unde aut nemo dignissimos sed possimus.', 4, '2020-09-15 08:52:11', '2020-09-15 08:52:11'),
(125, 48, 'Laisha Wolff III', 'Soluta aspernatur maiores itaque reiciendis praesentium eos esse. Ex cupiditate enim quasi et. Iste rerum alias id hic ab dolores eos.', 4, '2020-09-15 08:52:11', '2020-09-15 08:52:11'),
(126, 23, 'Nolan Kemmer', 'Quis doloribus cupiditate error nobis placeat. Ullam quia aspernatur ut quia. Aspernatur ullam et ea ratione necessitatibus pariatur fugiat id. Cum possimus non veniam perspiciatis dolorem deleniti sit similique.', 3, '2020-09-15 08:52:11', '2020-09-15 08:52:11'),
(127, 47, 'Janelle Hamill', 'Sed odit optio id provident eligendi odit maxime cumque. Reprehenderit veritatis sequi tempore sint odio dolore aut. Consequatur libero et cupiditate dolores ut dolores.', 2, '2020-09-15 08:52:11', '2020-09-15 08:52:11'),
(128, 22, 'Avis Raynor', 'Eaque quasi quo esse similique maxime totam aperiam. Modi a dolor velit alias id ex ab. Maxime nostrum eius deleniti debitis ea.', 0, '2020-09-15 08:52:11', '2020-09-15 08:52:11'),
(129, 36, 'Prof. Melody Strosin V', 'Optio blanditiis laudantium debitis velit ipsa. Aut consequatur velit et velit dolorem. Molestiae incidunt natus ex voluptate. Consectetur id voluptas fuga animi.', 3, '2020-09-15 08:52:11', '2020-09-15 08:52:11'),
(130, 11, 'Broderick Emmerich', 'Deserunt unde deleniti qui quis. Sapiente eos sunt repellat quaerat ut ea culpa. Labore aliquam quo ullam cum.', 1, '2020-09-15 08:52:11', '2020-09-15 08:52:11'),
(131, 48, 'Kellen Ward DDS', 'Alias fuga non mollitia ut inventore quae ab. Illo aut voluptatem itaque. Delectus commodi illum a ut accusantium rerum harum.', 1, '2020-09-15 08:52:11', '2020-09-15 08:52:11'),
(132, 12, 'Montana Fahey', 'Aut accusamus reiciendis occaecati excepturi possimus. Architecto sed quasi magnam libero iure iste. Magnam ipsam nihil est aut quo fugiat eos et.', 3, '2020-09-15 08:52:11', '2020-09-15 08:52:11'),
(133, 29, 'Maria Dach', 'Nulla minima sunt sint laudantium. Eos sint sunt voluptatem dignissimos. Asperiores officia exercitationem est consequatur.', 5, '2020-09-15 08:52:11', '2020-09-15 08:52:11'),
(134, 6, 'Amaya Friesen', 'Suscipit dolor et accusamus sed cum dicta rerum rerum. Eum neque molestias non reprehenderit. Ea id voluptatum amet aut iste repellat repellat. Et et voluptate voluptatibus adipisci.', 1, '2020-09-15 08:52:11', '2020-09-15 08:52:11'),
(135, 2, 'Prof. Carley Schaefer', 'Occaecati numquam nisi iure aut fuga similique nulla. Est doloremque animi voluptatem aut omnis. Neque fugiat culpa omnis quas qui in quis. Doloribus excepturi et neque excepturi quae.', 5, '2020-09-15 08:52:11', '2020-09-15 08:52:11'),
(136, 23, 'Mr. Royal Kilback IV', 'Et animi voluptatum aut harum nihil voluptatem. Quae cupiditate voluptas quos omnis eveniet. Harum consequatur nulla possimus autem. Voluptas aliquid aut et eveniet quia alias aut.', 5, '2020-09-15 08:52:11', '2020-09-15 08:52:11'),
(137, 18, 'Ms. Kailey Hodkiewicz', 'Quidem atque illum esse rerum consequuntur. Eaque sunt atque quam maiores sit. Consequatur rerum quis eius.', 5, '2020-09-15 08:52:11', '2020-09-15 08:52:11'),
(138, 17, 'Dariana Considine', 'Sint deserunt reprehenderit animi aut sunt voluptatem at velit. Omnis soluta maxime dolorem et. Sed cupiditate sint eligendi hic sit autem consequatur.', 3, '2020-09-15 08:52:11', '2020-09-15 08:52:11'),
(139, 25, 'Ernestina Block', 'Tempore molestias ut est sunt reprehenderit architecto. Quos blanditiis et qui vel aspernatur sed adipisci. Et porro eos nostrum.', 4, '2020-09-15 08:52:11', '2020-09-15 08:52:11'),
(140, 47, 'Ali Grimes', 'Sit dolorem nostrum libero ducimus qui amet assumenda. Expedita animi rem tempora quia aut. Enim molestias magnam autem veritatis veniam. Soluta beatae omnis quis accusamus qui eius.', 5, '2020-09-15 08:52:11', '2020-09-15 08:52:11'),
(141, 36, 'Prof. Virgil Wolf IV', 'Autem molestiae alias quia vel aliquid. Aliquam voluptatem tenetur corrupti amet. Ea modi maiores provident.', 1, '2020-09-15 08:52:11', '2020-09-15 08:52:11'),
(142, 41, 'Jana Flatley', 'Est voluptas quia sit. Qui placeat voluptas aspernatur quo. Distinctio et magnam tempora. Velit voluptatem officia aliquam maiores autem tenetur fuga asperiores. Et qui autem dolores voluptatem doloremque et.', 0, '2020-09-15 08:52:11', '2020-09-15 08:52:11'),
(143, 22, 'Skylar Schmitt', 'Vitae ut at recusandae tempore voluptatem maiores. Nulla maxime vero qui deserunt porro hic inventore. Perspiciatis voluptate beatae fugiat explicabo error. Assumenda laborum et harum.', 4, '2020-09-15 08:52:11', '2020-09-15 08:52:11'),
(144, 34, 'Dedric Frami', 'Quis nesciunt ut illum provident et est corrupti. Dolores culpa et nobis blanditiis placeat suscipit. Esse ipsa sint et sapiente. Ea enim excepturi et consequatur laborum impedit blanditiis.', 1, '2020-09-15 08:52:11', '2020-09-15 08:52:11'),
(145, 49, 'Hillary Daugherty', 'Explicabo provident numquam quod officia sit eius reiciendis. Quidem accusamus omnis velit corporis provident facere facere. Velit asperiores rerum esse deleniti.', 1, '2020-09-15 08:52:11', '2020-09-15 08:52:11'),
(146, 33, 'Ms. Joanie Kuhic', 'Ea voluptatum distinctio fugit voluptatem consequuntur dolorum odio. Rerum rerum accusantium pariatur aliquid rerum fugiat. Accusamus sunt ut nam delectus corporis perspiciatis.', 4, '2020-09-15 08:52:11', '2020-09-15 08:52:11'),
(147, 3, 'Keely Kunze', 'Quos cum omnis rerum consectetur minima possimus. Quis et sint et et corporis. Praesentium qui sit omnis est saepe at.', 5, '2020-09-15 08:52:11', '2020-09-15 08:52:11'),
(148, 21, 'Miss Raegan Kuphal', 'Similique provident omnis voluptates. Laboriosam recusandae quasi tempore aliquid. Ea molestiae est repellendus et tenetur. Quam doloribus quia minima dolores tempore.', 0, '2020-09-15 08:52:11', '2020-09-15 08:52:11'),
(149, 17, 'Josephine Cummerata Sr.', 'Accusantium dolore corporis error hic sed at. Ducimus sed quaerat ducimus ea eveniet adipisci. Molestias error molestias quibusdam repellendus sit. Aperiam ut aut doloremque. Dolores corrupti asperiores sunt consequatur rerum quia.', 1, '2020-09-15 08:52:11', '2020-09-15 08:52:11'),
(150, 1, 'Ena Frami', 'Distinctio nesciunt harum est quis laboriosam. Debitis nemo voluptatibus molestiae animi quia harum quia repellendus. Qui ut quae amet ut voluptates odio. Non et excepturi quasi sed fuga doloremque. Ipsum odit asperiores quaerat aliquid.', 1, '2020-09-15 08:52:11', '2020-09-15 08:52:11'),
(151, 20, 'Clyde Lowe', 'Est aut voluptas aliquam rerum dicta voluptas. Provident quam nam aut magni. Et non voluptatibus vero iure. Quos et iure dolores explicabo quia velit dolor.', 2, '2020-09-15 08:52:11', '2020-09-15 08:52:11'),
(152, 12, 'Miss Georgiana Ward', 'Voluptatum sequi temporibus repellendus pariatur ducimus. Est qui dolorum tempore delectus sunt modi velit. Corporis error quod adipisci omnis ratione.', 5, '2020-09-15 08:52:11', '2020-09-15 08:52:11'),
(153, 22, 'Thurman Ziemann', 'Blanditiis dolores ad doloremque laboriosam aliquid eum et temporibus. Recusandae ut laborum et iure quia est quisquam. Quas repellendus sit ex beatae eveniet.', 4, '2020-09-15 08:52:11', '2020-09-15 08:52:11'),
(154, 45, 'Miss Christelle Batz III', 'Ex esse ullam quidem. Occaecati ducimus non officia aut.', 3, '2020-09-15 08:52:11', '2020-09-15 08:52:11'),
(155, 7, 'Ms. Larissa Runolfsdottir II', 'Consequatur molestiae eius provident reiciendis eum earum et. Beatae aperiam placeat illo minus facilis dolorem. Tenetur est quis et et.', 0, '2020-09-15 08:52:11', '2020-09-15 08:52:11'),
(156, 1, 'Jasen Gerhold III', 'At iure velit molestias. Assumenda voluptate consequuntur quasi voluptatem. Earum non dolore fugiat sunt. Asperiores corporis et deserunt saepe architecto sapiente.', 4, '2020-09-15 08:52:11', '2020-09-15 08:52:11'),
(157, 35, 'Dr. Marcelina Beatty DDS', 'Atque doloremque possimus totam aliquam hic nobis maxime. Corrupti architecto esse ut fuga ab.', 2, '2020-09-15 08:52:11', '2020-09-15 08:52:11'),
(158, 10, 'Daren Jacobson', 'Numquam similique at beatae dolorem. Dolor magni occaecati sed nemo. Nihil aut vel repellat beatae et. Sit et vel molestias temporibus amet.', 4, '2020-09-15 08:52:11', '2020-09-15 08:52:11'),
(159, 50, 'Prof. Emerald Carroll IV', 'Ratione facere quas et magni occaecati voluptatem eligendi cupiditate. Aspernatur odit similique id ducimus et atque architecto voluptatibus. Eveniet blanditiis laudantium impedit cum aliquam. Aut atque odit et.', 5, '2020-09-15 08:52:11', '2020-09-15 08:52:11'),
(160, 8, 'Mrs. Brooke Cremin PhD', 'Sequi repellendus numquam saepe. Alias at unde doloribus aut dolore molestiae rerum. Alias sit in adipisci omnis id.', 5, '2020-09-15 08:52:11', '2020-09-15 08:52:11'),
(161, 39, 'Mr. Shane Nienow I', 'Et sit qui laboriosam in porro. Consequatur occaecati aliquam fuga ipsum. Laudantium voluptas ut deleniti tempora quo quidem eos. Unde sit earum odio.', 2, '2020-09-15 08:52:11', '2020-09-15 08:52:11'),
(162, 4, 'Gerry Nader', 'Laudantium dolorem consectetur ratione eveniet magnam non incidunt. Aut minus doloremque consequatur non blanditiis earum. Libero maxime et nisi ea nemo recusandae.', 5, '2020-09-15 08:52:11', '2020-09-15 08:52:11'),
(163, 38, 'Mrs. Katarina Jacobs', 'Rerum repellat et sit quo consequuntur dolore. Molestias nam ratione voluptates culpa et corporis voluptatem odio. Vel voluptate fugiat mollitia quae quisquam molestias. Sint soluta quaerat ratione incidunt illo laudantium.', 1, '2020-09-15 08:52:11', '2020-09-15 08:52:11'),
(164, 26, 'Dr. Victor Zieme DDS', 'Possimus quos praesentium est eum. Possimus numquam quaerat laborum magnam similique enim. Fuga repudiandae repellendus consequatur aut fugiat.', 4, '2020-09-15 08:52:11', '2020-09-15 08:52:11'),
(165, 12, 'Miss Jalyn Daugherty MD', 'Id vero sunt aliquam distinctio eveniet magni. Quia eos et molestiae ab et. Ut et debitis cumque deleniti beatae cupiditate. Debitis exercitationem mollitia necessitatibus velit doloribus qui non.', 4, '2020-09-15 08:52:11', '2020-09-15 08:52:11'),
(166, 37, 'Anika Marvin', 'Molestiae hic velit nobis quae. Enim cum omnis ut quos voluptas. Eum alias magnam quae tenetur totam impedit. Et nostrum est consequatur eos.', 4, '2020-09-15 08:52:11', '2020-09-15 08:52:11'),
(167, 18, 'Lauren Harber', 'Explicabo quo voluptate aspernatur voluptatem. Occaecati aut officiis excepturi ut. Eos ut voluptatem quod dolorum voluptatum porro in. Vero qui voluptatum libero et fuga. Error et voluptas reiciendis dolores cupiditate blanditiis quia.', 5, '2020-09-15 08:52:11', '2020-09-15 08:52:11'),
(168, 37, 'Dr. Merlin Boyle II', 'Unde vel quia animi sint deleniti quo. Ut commodi aut ducimus amet quam excepturi alias. Consectetur consequatur exercitationem omnis repellat voluptate voluptatem excepturi.', 3, '2020-09-15 08:52:11', '2020-09-15 08:52:11'),
(169, 47, 'Prof. Doyle Mosciski II', 'Eum labore quas est at voluptas quis maxime. Voluptatem vero ut dolorem doloribus eos. Veniam veritatis maxime velit quia sequi.', 4, '2020-09-15 08:52:11', '2020-09-15 08:52:11'),
(170, 26, 'Emiliano Reilly', 'Totam at qui in. Autem ipsum consectetur rerum doloremque praesentium rem sed. Ut praesentium velit in. Ad non eos perspiciatis sed commodi ducimus beatae.', 3, '2020-09-15 08:52:11', '2020-09-15 08:52:11'),
(171, 14, 'Betty Stiedemann', 'Id voluptatibus cum aut nihil accusamus fuga. Expedita dolorem nulla dolor sequi impedit qui. Amet cum officiis tempore totam et. Sint sed officia itaque est.', 0, '2020-09-15 08:52:11', '2020-09-15 08:52:11'),
(172, 24, 'Jacques Frami Jr.', 'Voluptatem commodi dicta incidunt qui. Omnis voluptatibus incidunt occaecati aliquid sed enim est. Tempora aut quo doloremque placeat repudiandae nobis.', 3, '2020-09-15 08:52:11', '2020-09-15 08:52:11'),
(173, 32, 'Sarina Kautzer DDS', 'Quam libero et reiciendis consequuntur. Libero rem animi asperiores quod deleniti voluptates ipsum. Ex est sequi sed recusandae quia ut est. Quis ex nobis et facere eos id architecto.', 0, '2020-09-15 08:52:11', '2020-09-15 08:52:11'),
(174, 34, 'Alfonso Parker', 'Eius corrupti quo voluptatem velit eligendi dolores voluptatem impedit. Aperiam sit voluptas optio quis nobis dolorem eaque. Eos odit et dignissimos et sequi. Molestiae qui iste molestiae architecto.', 5, '2020-09-15 08:52:11', '2020-09-15 08:52:11'),
(175, 37, 'Justyn O\'Hara', 'Inventore eaque perferendis sed ea cum est. Distinctio sint ea necessitatibus vel ut. Doloremque autem non et inventore. Non saepe quas repellendus consequatur sit delectus.', 1, '2020-09-15 08:52:11', '2020-09-15 08:52:11'),
(176, 26, 'Annie Ruecker', 'Nihil similique sit tempora nostrum eligendi in velit aut. Quia qui molestias mollitia iusto excepturi nesciunt sit. Aut in saepe labore provident. Aut quae asperiores asperiores mollitia doloribus.', 3, '2020-09-15 08:52:11', '2020-09-15 08:52:11'),
(177, 13, 'Reggie Crona II', 'Modi soluta rerum qui. Deserunt dolores non ullam nulla. Tempora ipsa dolorum molestiae ipsum similique cupiditate.', 3, '2020-09-15 08:52:11', '2020-09-15 08:52:11'),
(178, 37, 'Ms. Chyna O\'Conner', 'Velit et aliquid omnis cupiditate qui. Incidunt est sint in qui laboriosam blanditiis ut. Cum quisquam ex omnis.', 5, '2020-09-15 08:52:11', '2020-09-15 08:52:11'),
(179, 32, 'Prof. Delmer Lebsack Sr.', 'Odit sequi ex voluptatem qui ut. Impedit porro omnis et voluptate at praesentium expedita. Ipsum eos aperiam vitae architecto et totam omnis. Adipisci magnam debitis consequatur reprehenderit.', 3, '2020-09-15 08:52:11', '2020-09-15 08:52:11'),
(180, 33, 'Myron Davis', 'Enim asperiores vitae amet quibusdam dolorem placeat. Dolor nulla ab aperiam repellendus. Debitis maiores et similique et voluptatem similique iusto. Optio ad voluptas beatae quaerat.', 2, '2020-09-15 08:52:11', '2020-09-15 08:52:11'),
(181, 46, 'Henderson Jerde', 'Eveniet consectetur sed sunt dolorum. Eum ipsam debitis ratione dolorum quia dolorum. Eius voluptatum aut ad facere quia unde tenetur ratione. Labore autem sequi aut eligendi ut. Odio atque aliquid est dolor ex eos ut.', 1, '2020-09-15 08:52:11', '2020-09-15 08:52:11'),
(182, 38, 'Miss Annabell Spinka V', 'Soluta dolor sed cum. Maiores quasi non quas eum quaerat. Libero quis quod autem. Id ut tempore qui. Nisi voluptatem dolores rerum qui esse sit provident libero.', 5, '2020-09-15 08:52:11', '2020-09-15 08:52:11'),
(183, 37, 'Mable Auer', 'A earum enim voluptatibus incidunt. Alias voluptatem rerum eius atque at minus magnam. Impedit hic quam dolores enim fuga quibusdam nam.', 5, '2020-09-15 08:52:11', '2020-09-15 08:52:11'),
(184, 48, 'Vern Langosh', 'Illo quo debitis nemo cupiditate. Quo non ratione distinctio sit dolorem aliquid. Eveniet voluptatem voluptate facere adipisci quia voluptates.', 3, '2020-09-15 08:52:11', '2020-09-15 08:52:11'),
(185, 37, 'Dr. Leonardo Koss MD', 'Qui ipsam eligendi sunt similique quod est. Tenetur porro quia temporibus voluptatem fuga. Illo non aspernatur non eos illo occaecati ab.', 3, '2020-09-15 08:52:11', '2020-09-15 08:52:11'),
(186, 4, 'Lempi Rutherford', 'Cum dolorem fuga quaerat ipsum voluptas. Dolorem et dolorem qui aut facere rerum consequatur. Vero maiores inventore qui non optio debitis a.', 2, '2020-09-15 08:52:11', '2020-09-15 08:52:11'),
(187, 11, 'Brianne Oberbrunner I', 'Laudantium aspernatur nihil velit ducimus dolorem qui cum. Voluptas magni itaque voluptates deleniti suscipit eius. Sit excepturi rem laudantium dolor ut temporibus. Voluptatem quidem labore nulla ut.', 5, '2020-09-15 08:52:11', '2020-09-15 08:52:11'),
(188, 48, 'Monroe Legros MD', 'Vero dicta blanditiis eum consequatur aut. Molestiae amet aut quaerat laboriosam.', 1, '2020-09-15 08:52:11', '2020-09-15 08:52:11'),
(189, 31, 'Kayli Stamm', 'Saepe optio delectus sit qui ducimus. Ratione nemo tempora temporibus laborum laborum autem. Nobis aut non neque error delectus et.', 4, '2020-09-15 08:52:11', '2020-09-15 08:52:11'),
(190, 44, 'Dr. Omari Waters', 'Nihil nulla cum fuga eos. Vitae magni dicta ullam enim itaque. Fugit assumenda hic placeat aliquid iure laboriosam. Et rem recusandae aut ab odio aut.', 3, '2020-09-15 08:52:11', '2020-09-15 08:52:11'),
(191, 7, 'Kennith Terry', 'Similique voluptatem ea vero mollitia laudantium ex. Repellat voluptatem esse odit. Cumque maxime itaque rerum. Error recusandae sint ratione natus id possimus qui.', 4, '2020-09-15 08:52:11', '2020-09-15 08:52:11'),
(192, 24, 'Jason Braun PhD', 'Placeat hic voluptas inventore ad non voluptas delectus architecto. Rem officiis dolorem deserunt quo temporibus eum vel. Molestiae suscipit nam corrupti et aut sint.', 1, '2020-09-15 08:52:11', '2020-09-15 08:52:11'),
(193, 40, 'Rylee Hyatt', 'Omnis dicta eius rerum ad. Ut magni in voluptatem. Dolores qui quia beatae deserunt ut hic et. Magnam tempore ducimus quos aspernatur.', 5, '2020-09-15 08:52:11', '2020-09-15 08:52:11'),
(194, 46, 'Anabelle Schultz', 'Quam qui quo et ut est optio et. Quas a illo est aspernatur necessitatibus voluptatem.', 2, '2020-09-15 08:52:11', '2020-09-15 08:52:11'),
(195, 40, 'Frederic Gutkowski', 'Eaque expedita est quod commodi consectetur omnis. Fuga recusandae omnis eum voluptatibus numquam. Commodi omnis est non voluptatem.', 3, '2020-09-15 08:52:11', '2020-09-15 08:52:11'),
(196, 1, 'Cedrick Erdman', 'Nobis provident non qui neque. Officia sint impedit beatae debitis quia ad sit libero. Qui et cum non.', 1, '2020-09-15 08:52:11', '2020-09-15 08:52:11'),
(197, 50, 'Dr. Jedediah Hoppe DVM', 'Aut rerum sed voluptatem distinctio autem rerum tempore voluptatem. Voluptatem voluptas sit quis quis beatae odio similique. Et delectus aperiam unde consequatur in.', 0, '2020-09-15 08:52:11', '2020-09-15 08:52:11'),
(198, 4, 'Lue Kirlin PhD', 'Quam quos maxime assumenda cum quis ut. Cumque aspernatur fugiat voluptatibus dolorem quia. Eum sit et sed omnis. Ratione et rerum dolore qui consectetur.', 1, '2020-09-15 08:52:11', '2020-09-15 08:52:11'),
(199, 21, 'Pamela Cormier', 'Esse animi aperiam architecto nihil. Quas rerum dolores qui adipisci et enim. Possimus ratione animi dicta officia aspernatur eligendi quasi. Minus maxime ipsa et consequuntur incidunt.', 3, '2020-09-15 08:52:11', '2020-09-15 08:52:11'),
(200, 8, 'Lilly Cronin', 'Omnis dicta assumenda incidunt in ea vel autem id. Deserunt consequuntur ducimus qui accusantium iste ut magni. Similique rerum est fugiat optio sit laboriosam veritatis et. Ut magnam ea est.', 2, '2020-09-15 08:52:11', '2020-09-15 08:52:11'),
(201, 48, 'Tyshawn Denesik', 'Quis in dolor ut qui est nemo. Quia adipisci nam doloremque rerum deserunt fuga totam. Aliquam perferendis voluptatem explicabo repellendus ducimus illum ut. Corrupti quod corporis maxime non dolorum rerum recusandae. Dolores excepturi et eligendi odit placeat dicta nulla laudantium.', 5, '2020-09-15 08:52:11', '2020-09-15 08:52:11'),
(202, 5, 'Ambrose Spinka III', 'Et et nam et quidem autem et dolor. In et itaque sequi in itaque exercitationem architecto. Quas voluptatibus aut distinctio expedita minus dolorem eaque. Atque et nobis cum nostrum consequuntur ipsa a.', 5, '2020-09-15 08:52:11', '2020-09-15 08:52:11'),
(203, 9, 'Rigoberto Howe', 'Dolores cupiditate et cum et assumenda possimus ratione. Nisi omnis est maiores nobis in culpa. Aut aut minus nihil voluptatem totam.', 5, '2020-09-15 08:52:11', '2020-09-15 08:52:11'),
(204, 38, 'Elvera Yundt', 'Quasi esse et officia nam. Nisi reprehenderit mollitia architecto cumque. Velit quasi ducimus omnis labore minima non. Ducimus iure natus aut officiis repellat.', 3, '2020-09-15 08:52:11', '2020-09-15 08:52:11'),
(205, 29, 'Melvina Nolan', 'Deserunt sed eius id assumenda. Voluptate sunt quibusdam omnis. Et consequuntur aut qui animi saepe inventore eius quis.', 3, '2020-09-15 08:52:11', '2020-09-15 08:52:11'),
(206, 11, 'Dr. Lorenz Kutch MD', 'Quibusdam quo tempora provident illum. Mollitia minima rerum molestiae non sunt fugit. Vero quam vero non deleniti quia perferendis velit. Nobis laboriosam vitae consequuntur amet dolor ratione veniam.', 5, '2020-09-15 08:52:11', '2020-09-15 08:52:11'),
(207, 7, 'Dr. Abigale Miller', 'Aut et vel nihil sed quae. Laudantium quia sunt magni quas. Esse officiis dicta numquam quia necessitatibus asperiores quod.', 1, '2020-09-15 08:52:11', '2020-09-15 08:52:11'),
(208, 31, 'Ms. Elvera Fritsch IV', 'Ut ut nobis tempore et fugiat et dolorem. Voluptates ut commodi dolor culpa. Ratione quis sed odio nihil est et sunt voluptatem.', 5, '2020-09-15 08:52:11', '2020-09-15 08:52:11'),
(209, 10, 'Emely Barrows Jr.', 'Nihil pariatur qui et. Omnis molestias architecto praesentium in sunt. Adipisci ratione suscipit beatae amet. Nihil autem unde consequuntur aliquam neque.', 4, '2020-09-15 08:52:11', '2020-09-15 08:52:11'),
(210, 33, 'Mrs. Marcella Braun DDS', 'Pariatur iusto saepe possimus quam. Sed quisquam illo non commodi eos unde commodi. Delectus est sint quia quaerat.', 1, '2020-09-15 08:52:11', '2020-09-15 08:52:11');
INSERT INTO `reviews` (`id`, `product_id`, `customer`, `review`, `star`, `created_at`, `updated_at`) VALUES
(211, 6, 'Ebony Stark', 'Ut sit in odio libero laboriosam odio sunt. Quaerat voluptate ut amet et architecto est doloribus. Quia voluptates repellat impedit impedit. Animi ipsum cupiditate id expedita excepturi iure.', 2, '2020-09-15 08:52:11', '2020-09-15 08:52:11'),
(212, 40, 'Mr. Dagmar Johnson', 'Nam sit placeat eum explicabo. Iste quidem harum enim et nihil sit. Velit veniam consequatur esse molestiae sit ullam.', 3, '2020-09-15 08:52:11', '2020-09-15 08:52:11'),
(213, 23, 'Harley Maggio II', 'Doloribus omnis fugit nesciunt architecto quis deleniti dolorum. Aspernatur aut quaerat repudiandae. Labore in harum facere illo sed.', 0, '2020-09-15 08:52:11', '2020-09-15 08:52:11'),
(214, 48, 'Ivy Willms', 'Eligendi enim in velit sed facere animi et. Sed cumque sint iure minima ea distinctio. Temporibus aut saepe maiores earum.', 5, '2020-09-15 08:52:11', '2020-09-15 08:52:11'),
(215, 49, 'Mr. Hardy Herman', 'Cum eius cumque delectus corporis inventore consequatur. Veritatis voluptatem quo quaerat tempore repudiandae delectus eum. Amet et deserunt quis sit corporis. Commodi dolorum ex voluptas ut accusamus odio in nostrum.', 1, '2020-09-15 08:52:11', '2020-09-15 08:52:11'),
(216, 20, 'Archibald Bauch', 'Omnis iste et qui eum cumque veritatis inventore. Sit tenetur laborum maxime quia. Labore corrupti quia repellendus aut.', 2, '2020-09-15 08:52:11', '2020-09-15 08:52:11'),
(217, 5, 'Bradly Hickle', 'Adipisci distinctio ipsum incidunt sint delectus. Qui ducimus neque sit libero nam. Eos veritatis odio nesciunt ab eius.', 5, '2020-09-15 08:52:11', '2020-09-15 08:52:11'),
(218, 26, 'Dr. Jorge Beatty DDS', 'Aut quis velit rerum quae inventore modi corporis. Rem fuga laudantium provident. Amet asperiores deleniti error sunt aut ratione. Ut aut nobis earum nisi quo exercitationem qui officia.', 3, '2020-09-15 08:52:11', '2020-09-15 08:52:11'),
(219, 8, 'Watson Osinski DDS', 'Voluptas quidem est aut incidunt rem perferendis. Impedit debitis est nulla et.', 3, '2020-09-15 08:52:11', '2020-09-15 08:52:11'),
(220, 37, 'Lonzo Rath', 'Praesentium saepe sunt et iure atque natus alias. Est nostrum labore cupiditate et sed soluta qui. Totam molestiae aut aut repellat cum.', 5, '2020-09-15 08:52:11', '2020-09-15 08:52:11'),
(221, 37, 'Audra Schamberger', 'Qui veritatis quia deserunt quis dolor consequatur. Qui porro aut atque velit. Pariatur aut tenetur aspernatur minus inventore molestias quas. Commodi consequatur eum numquam tempore qui.', 3, '2020-09-15 08:52:11', '2020-09-15 08:52:11'),
(222, 24, 'Spencer Schmitt', 'Quidem voluptas quas aut quae. Molestiae eum totam perferendis aspernatur. Ad enim culpa architecto dicta sequi ut nobis. Vero excepturi laborum perferendis architecto.', 1, '2020-09-15 08:52:11', '2020-09-15 08:52:11'),
(223, 38, 'Thad Rutherford', 'Veritatis est est explicabo libero consequatur. Laborum at dolores quis. Facilis sed enim optio reprehenderit sunt deleniti. Dolores reprehenderit ut quia et illum aspernatur dolor. Quia nobis tempore labore eos magni et nobis.', 1, '2020-09-15 08:52:11', '2020-09-15 08:52:11'),
(224, 26, 'Edythe Volkman', 'Consequatur quae deleniti quis corporis sed. Aut sed rem magni. Omnis cum explicabo voluptatem pariatur temporibus deserunt. Nihil molestiae voluptatem ut facilis.', 1, '2020-09-15 08:52:11', '2020-09-15 08:52:11'),
(225, 7, 'Imogene Zulauf MD', 'Ratione voluptatem voluptatem earum eius hic. Harum et aliquam debitis debitis laudantium laborum sit. Est nisi quam illum eius incidunt id inventore voluptas.', 3, '2020-09-15 08:52:11', '2020-09-15 08:52:11'),
(226, 26, 'Joanne Koelpin Jr.', 'Hic consequatur non error distinctio doloremque. Reiciendis quia non natus animi eum. Doloremque rem soluta velit doloribus.', 0, '2020-09-15 08:52:11', '2020-09-15 08:52:11'),
(227, 34, 'Harmony Carter', 'Perferendis minima est rerum. Ducimus voluptas ipsum dolores ipsam. Eaque at vitae quos numquam quam nobis. Dolores nisi ab nulla tempora.', 1, '2020-09-15 08:52:11', '2020-09-15 08:52:11'),
(228, 27, 'Dr. Cale Kuhlman', 'Non assumenda ipsa aut molestiae cum aut. Repellat nulla qui vel aperiam molestiae laboriosam aut. Ut sunt suscipit reprehenderit amet iste eum laudantium. Autem aut consequatur provident nihil iure.', 1, '2020-09-15 08:52:11', '2020-09-15 08:52:11'),
(229, 27, 'Ollie Schamberger', 'Dolores quidem vel molestiae commodi error est. Natus ipsam qui esse sed enim repudiandae explicabo. Esse quod nisi eos voluptatem ut voluptatum.', 5, '2020-09-15 08:52:11', '2020-09-15 08:52:11'),
(230, 30, 'Lulu Hammes', 'Quos consequatur et aut sit recusandae ut laudantium. Dolorum iste nihil omnis et dolor. Ipsa cumque asperiores occaecati tempore sit.', 3, '2020-09-15 08:52:11', '2020-09-15 08:52:11'),
(231, 24, 'Mark Stroman', 'Accusantium excepturi reiciendis facilis incidunt nobis. In illo culpa odit ut est cupiditate. Voluptate quo tempora qui sapiente adipisci consequatur.', 0, '2020-09-15 08:52:11', '2020-09-15 08:52:11'),
(232, 3, 'Carey Moen', 'Est eligendi voluptatum doloribus vel animi. Dolorem unde necessitatibus possimus dolorum. Similique nobis quam praesentium qui expedita voluptates debitis.', 0, '2020-09-15 08:52:11', '2020-09-15 08:52:11'),
(233, 11, 'Elsie Mayert', 'Quia commodi accusamus quo mollitia molestiae. Id tenetur eligendi iusto voluptatibus molestiae sit vitae.', 3, '2020-09-15 08:52:11', '2020-09-15 08:52:11'),
(234, 15, 'Jaiden Haag', 'Numquam accusamus cum voluptatum quam qui. Autem esse quasi voluptatem vel consequuntur pariatur quisquam.', 0, '2020-09-15 08:52:11', '2020-09-15 08:52:11'),
(235, 27, 'Leila Collier V', 'Dolores aliquam non sunt nostrum ut eligendi. Natus aut dignissimos voluptatem beatae ut consequuntur.', 0, '2020-09-15 08:52:11', '2020-09-15 08:52:11'),
(236, 3, 'Darien Jones', 'Sed quas quo sed consequatur. Vero omnis tenetur labore quia perspiciatis et.', 0, '2020-09-15 08:52:11', '2020-09-15 08:52:11'),
(237, 36, 'Astrid Quigley', 'Consequatur in enim cumque aliquid perspiciatis et molestias. Accusantium deleniti aperiam qui corrupti excepturi ullam consequatur. Qui ratione exercitationem suscipit et rerum adipisci autem. Voluptas voluptas aut minus perferendis eos.', 4, '2020-09-15 08:52:11', '2020-09-15 08:52:11'),
(238, 46, 'Ms. Nellie O\'Keefe Sr.', 'Qui nemo ad iste exercitationem minus et cupiditate. Fuga placeat eos et veritatis incidunt eum. Illum ut facere eum cupiditate. Quis corporis sed quibusdam perspiciatis.', 0, '2020-09-15 08:52:11', '2020-09-15 08:52:11'),
(239, 43, 'Mr. Robb Mante', 'Id necessitatibus sed omnis ab voluptatem et et. Sed ut maiores optio. Quo et eos in perferendis voluptatem aut.', 3, '2020-09-15 08:52:11', '2020-09-15 08:52:11'),
(240, 15, 'Solon Volkman', 'Ut aut ex consectetur omnis adipisci est minima. Enim quam consectetur praesentium nihil. Magnam ut autem laborum velit quo at.', 5, '2020-09-15 08:52:11', '2020-09-15 08:52:11'),
(241, 16, 'Mrs. Skyla Fay MD', 'Eveniet eveniet dolores sunt praesentium et. Cum dignissimos maiores quam perspiciatis quo. Et delectus quia distinctio dolorem in. Velit et quaerat doloremque hic aut reprehenderit quos.', 5, '2020-09-15 08:52:11', '2020-09-15 08:52:11'),
(242, 42, 'Prof. Leonor Heller', 'Culpa est aut neque natus qui. Cum enim dolor praesentium aliquid tenetur eaque. Consequatur cum fuga ratione nihil. Corporis quisquam enim voluptates qui.', 2, '2020-09-15 08:52:11', '2020-09-15 08:52:11'),
(243, 13, 'Dr. Jacynthe Brekke III', 'Repudiandae id aspernatur et fugit voluptatem. Odio rerum inventore est. Quam soluta accusamus architecto fuga doloribus id quas.', 5, '2020-09-15 08:52:11', '2020-09-15 08:52:11'),
(244, 6, 'Pat Schumm', 'Laboriosam labore dolorum est omnis sequi quae. Aut dolores fuga adipisci esse. Pariatur maiores repellat natus laborum excepturi accusantium perspiciatis.', 1, '2020-09-15 08:52:11', '2020-09-15 08:52:11'),
(245, 11, 'Ryan Rohan Jr.', 'Quo dolore quae repudiandae autem et. Autem voluptatem autem voluptatibus consequuntur nisi. Tenetur quis itaque aliquam dolores illo aut.', 4, '2020-09-15 08:52:11', '2020-09-15 08:52:11'),
(246, 6, 'Sibyl Collins', 'Et fuga aut officia ex eius eius quia. Repellendus provident et temporibus doloremque deserunt sunt. Doloremque ratione quia cupiditate quae quaerat. Est quia vel eos tempora cum excepturi delectus nihil.', 2, '2020-09-15 08:52:11', '2020-09-15 08:52:11'),
(247, 13, 'Jackie Ledner III', 'Ut animi dolores minima earum commodi occaecati nobis eos. Autem consequatur et debitis dolores quis eum cupiditate. Ipsam sed itaque in autem impedit ipsum sed. Ut ut sit molestiae perferendis veritatis perspiciatis dolorum.', 2, '2020-09-15 08:52:11', '2020-09-15 08:52:11'),
(248, 34, 'Daron Jacobi', 'Qui et deserunt iusto est aut. Sit eveniet accusantium vel occaecati unde. Quia aut sed modi. Aliquam non blanditiis perspiciatis cumque odio.', 5, '2020-09-15 08:52:11', '2020-09-15 08:52:11'),
(249, 19, 'Abagail Wintheiser', 'Et autem saepe accusantium. Numquam asperiores occaecati fuga et voluptatum ducimus. Voluptates iusto eius ut reprehenderit autem placeat. Doloremque aspernatur pariatur nihil. Dolorum harum architecto iusto porro omnis mollitia.', 5, '2020-09-15 08:52:11', '2020-09-15 08:52:11'),
(250, 25, 'Albert Kozey DDS', 'Esse quasi fugiat nobis eius pariatur a. Aut quos rem et provident magni cumque. Aut odio repudiandae et praesentium ea non enim aperiam. Nostrum ad voluptates voluptatibus commodi officia.', 4, '2020-09-15 08:52:11', '2020-09-15 08:52:11'),
(251, 13, 'Dr. Evalyn Kassulke', 'Et quis qui magni doloremque. Id eos optio molestias cumque ut ipsam libero. Culpa est voluptas qui est eos et. Recusandae occaecati qui ipsum maiores id sit voluptatem.', 5, '2020-09-15 08:52:11', '2020-09-15 08:52:11'),
(252, 33, 'Jennifer McClure V', 'Maxime excepturi neque in cupiditate perspiciatis omnis. Ducimus distinctio qui aut perferendis. Consequatur inventore dignissimos quia eius iusto qui qui.', 0, '2020-09-15 08:52:11', '2020-09-15 08:52:11'),
(253, 26, 'Ayden Muller', 'Ut dolores ratione consequuntur beatae. Similique ea voluptatem corporis maiores et et provident. Quam rerum occaecati assumenda magni quia illum doloremque. Velit aspernatur rem sed sit.', 5, '2020-09-15 08:52:11', '2020-09-15 08:52:11'),
(254, 3, 'Valentin Ryan', 'Assumenda fuga aut et. Enim rerum accusantium odit aut dolorem atque. Numquam ut perferendis et voluptatum. Doloribus aperiam corporis adipisci asperiores maxime.', 1, '2020-09-15 08:52:11', '2020-09-15 08:52:11'),
(255, 14, 'Miss Marjorie Walker Jr.', 'Nemo omnis ab illo nostrum animi. Quis et dolor culpa commodi nihil ipsum id. Minus non sit maiores impedit sint consequatur voluptatibus. Est consequatur aliquam minus eius.', 4, '2020-09-15 08:52:11', '2020-09-15 08:52:11'),
(256, 11, 'Milan Kshlerin', 'Fuga maxime non rem ullam repellat nemo sed. Et est eos beatae eos. Ratione et quia consectetur aut adipisci consequuntur.', 1, '2020-09-15 08:52:11', '2020-09-15 08:52:11'),
(257, 38, 'Stan Kertzmann', 'Quis deleniti molestiae perferendis placeat molestiae illo recusandae. Autem sunt debitis consequatur alias.', 4, '2020-09-15 08:52:11', '2020-09-15 08:52:11'),
(258, 17, 'Geovanni Kuhic V', 'Veniam iusto esse soluta nesciunt recusandae veniam assumenda. Ducimus excepturi saepe quia mollitia. Nobis quia voluptatum dolore aut atque facere.', 0, '2020-09-15 08:52:11', '2020-09-15 08:52:11'),
(259, 36, 'Ellen Mueller', 'Eligendi autem atque repudiandae dignissimos et exercitationem. Perspiciatis cumque quia recusandae illum. Dolor eveniet eos facere a itaque aut deleniti. Tempore quas eos aut amet et et. Eos magnam perspiciatis voluptatibus impedit sed ut.', 1, '2020-09-15 08:52:11', '2020-09-15 08:52:11'),
(260, 15, 'Dr. Maximo Nitzsche Sr.', 'Qui est vero inventore doloremque et odit nostrum. Deleniti hic dolorum qui quibusdam voluptatibus voluptatem. Porro qui rerum magni beatae consequatur. Quia quia dolor nisi voluptatem autem porro.', 4, '2020-09-15 08:52:11', '2020-09-15 08:52:11'),
(261, 23, 'Kali Upton', 'Fuga dolores fugiat velit sed suscipit doloremque voluptatem. Quo nihil quis qui sunt velit et quod. Dolorem rerum voluptas omnis labore. Similique error et blanditiis magni beatae.', 4, '2020-09-15 08:52:11', '2020-09-15 08:52:11'),
(262, 10, 'Prince Cassin', 'Maiores ex voluptatem repellat ut nulla atque. Eum eveniet fugit sed. Nemo dolor non voluptates fuga. Ducimus nihil et sunt quis similique quasi facere porro.', 4, '2020-09-15 08:52:11', '2020-09-15 08:52:11'),
(263, 11, 'Vincenza Bashirian', 'Quas in ut adipisci et. Sit non aliquid enim dolore omnis molestiae. Sed aut aspernatur alias distinctio cupiditate eveniet. Illo aut vel ratione. Suscipit esse et sunt consequatur blanditiis odio.', 1, '2020-09-15 08:52:11', '2020-09-15 08:52:11'),
(264, 1, 'Miss Verla Skiles', 'Est magni et voluptatum. Aspernatur deleniti dicta eaque ipsa voluptatem distinctio. Voluptatibus et quidem eaque natus et dolore dolor. Est veritatis odit possimus consequatur omnis deserunt.', 5, '2020-09-15 08:52:11', '2020-09-15 08:52:11'),
(265, 3, 'Vincenza Gerhold', 'Quasi quis rerum dolorem dolor ab accusamus. Atque recusandae assumenda odit soluta illo consequuntur. Impedit itaque consequuntur velit distinctio maxime voluptatibus cumque eum.', 4, '2020-09-15 08:52:11', '2020-09-15 08:52:11'),
(266, 32, 'Jefferey Jones', 'Sunt sapiente est ut itaque veniam eos. Voluptates dicta fuga ut eum optio iste eum. Voluptatem commodi sint perspiciatis velit ipsum ea.', 5, '2020-09-15 08:52:11', '2020-09-15 08:52:11'),
(267, 18, 'Serenity Heathcote', 'Veritatis incidunt velit quis. Error voluptatem voluptatem rerum laborum. Sed voluptatum voluptate facere dolor voluptas assumenda similique. Dicta et facere neque id et.', 2, '2020-09-15 08:52:11', '2020-09-15 08:52:11'),
(268, 17, 'Clovis Morissette', 'Ducimus dolorem accusamus quis quia sunt voluptas. Deleniti voluptate voluptas ducimus voluptatibus. Vero voluptatibus cupiditate hic magni sunt et.', 5, '2020-09-15 08:52:11', '2020-09-15 08:52:11'),
(269, 26, 'Mr. Darius Welch', 'Aspernatur quibusdam alias quod quisquam sit molestias. Quod sint debitis et. Nulla eos necessitatibus non quaerat neque qui numquam. Quis sit qui aut sunt ea.', 1, '2020-09-15 08:52:11', '2020-09-15 08:52:11'),
(270, 24, 'Jaida Miller DVM', 'Sapiente quaerat eveniet soluta fuga dolorem. Ut vitae vitae veritatis fugit occaecati quisquam animi. Qui dignissimos aut ea consequuntur dolores impedit aut. Fugiat fuga saepe rerum.', 4, '2020-09-15 08:52:11', '2020-09-15 08:52:11'),
(271, 42, 'Webster Orn', 'Dolores optio quaerat quis qui et. Vel et quisquam qui est sed quod. Consequatur voluptatum nobis voluptas vitae ut atque.', 3, '2020-09-15 08:52:11', '2020-09-15 08:52:11'),
(272, 14, 'Carolyne Lynch', 'Cumque quia perspiciatis accusantium alias. Voluptate esse voluptas beatae et expedita. Tempore porro ducimus consequatur expedita tenetur voluptates. Aspernatur tempora molestias voluptatum omnis.', 1, '2020-09-15 08:52:11', '2020-09-15 08:52:11'),
(273, 1, 'Mr. Devan Heller', 'Autem qui fuga explicabo numquam aut harum exercitationem. Autem qui nesciunt possimus sed doloremque iste possimus. Eaque nihil enim fugit voluptas ex aperiam officia.', 2, '2020-09-15 08:52:11', '2020-09-15 08:52:11'),
(274, 49, 'Connor Kiehn V', 'Quibusdam est earum voluptatum rerum incidunt praesentium exercitationem corporis. Et eum aliquam tempore dolorem. Rerum distinctio nulla distinctio vel omnis et iusto tenetur. Omnis aut aut ex ut possimus et hic.', 5, '2020-09-15 08:52:11', '2020-09-15 08:52:11'),
(275, 8, 'Vince Lockman', 'Tempore dolor est ut nihil voluptatem aliquid perferendis eligendi. Vel et in nulla. Est quia enim fuga quisquam. Adipisci quia voluptates id est voluptas.', 1, '2020-09-15 08:52:11', '2020-09-15 08:52:11'),
(276, 37, 'Prof. Queen Morissette', 'Non dolor repudiandae beatae tempore iusto maxime. Velit ad et assumenda omnis voluptatem unde dolores. Accusamus dolore quia porro nulla assumenda illo sunt dolores.', 1, '2020-09-15 08:52:11', '2020-09-15 08:52:11'),
(277, 30, 'Catharine Von', 'Est corrupti sunt magnam amet consequuntur et alias. Sed molestiae quae eos ut pariatur esse dolore eum. Recusandae fuga esse doloribus est soluta incidunt maiores.', 2, '2020-09-15 08:52:11', '2020-09-15 08:52:11'),
(278, 49, 'Judy Breitenberg', 'Corrupti distinctio saepe tenetur qui totam ipsa. Eos asperiores eum rerum enim qui. Esse omnis ratione eum sint sit reprehenderit quidem. Tempora possimus ut ratione culpa repellendus perspiciatis.', 5, '2020-09-15 08:52:11', '2020-09-15 08:52:11'),
(279, 45, 'Mrs. Mina Deckow Sr.', 'Et officiis ipsam ipsam magnam qui illo quibusdam. Voluptatum est expedita quam minus reprehenderit qui natus suscipit. Temporibus et at vel error sapiente libero. Voluptatem dolorem est deserunt minus et ea officia. Id quidem magni quaerat illo tempora molestias voluptatem.', 2, '2020-09-15 08:52:11', '2020-09-15 08:52:11'),
(280, 20, 'Twila Rice', 'Nemo voluptate suscipit qui minima distinctio qui labore. Quia quam doloribus ratione nulla omnis quis. Fuga ea occaecati est labore.', 5, '2020-09-15 08:52:11', '2020-09-15 08:52:11'),
(281, 41, 'Reyna Abshire', 'Autem quis delectus consectetur nam. Qui occaecati dolores reiciendis rem quas.', 3, '2020-09-15 08:52:11', '2020-09-15 08:52:11'),
(282, 45, 'Velva Pfannerstill III', 'Omnis amet est necessitatibus dolor. Aut facere dolor sunt ipsum sed et veritatis eveniet. Aut quia ab nostrum asperiores dolores nam. Qui inventore adipisci omnis omnis quo doloremque minima rerum. Numquam non nemo dolorum hic et.', 1, '2020-09-15 08:52:11', '2020-09-15 08:52:11'),
(283, 32, 'Jaylen Thiel', 'Quibusdam omnis consectetur et quam sed. Qui suscipit quia fugiat rerum voluptatem. In at laudantium id voluptatem error voluptates.', 3, '2020-09-15 08:52:11', '2020-09-15 08:52:11'),
(284, 35, 'Sylvan Ullrich', 'Ducimus ut rerum quos tenetur. Velit alias qui consequatur quidem. Ut quia accusamus rem voluptatum. Enim quo atque nemo nam.', 3, '2020-09-15 08:52:11', '2020-09-15 08:52:11'),
(285, 11, 'Chaya Hayes', 'Nostrum ullam fugiat aut sint molestiae. Libero atque praesentium sed aut id aut nisi.', 4, '2020-09-15 08:52:11', '2020-09-15 08:52:11'),
(286, 40, 'Meaghan Dare', 'Eius iure sequi ea impedit et. Quasi et dolores aliquam quos et. Eum pariatur quia modi non pariatur sunt voluptatem.', 2, '2020-09-15 08:52:11', '2020-09-15 08:52:11'),
(287, 15, 'Dr. Pat Dicki Jr.', 'Voluptates ducimus pariatur mollitia deserunt reiciendis. Vel sit ut sunt quod. Est dolores modi aperiam qui atque.', 1, '2020-09-15 08:52:11', '2020-09-15 08:52:11'),
(288, 10, 'Dr. Polly Kling', 'Aut placeat aut facere consequatur. Saepe nihil et ea corporis. Odit repellat doloremque ipsa cumque.', 4, '2020-09-15 08:52:11', '2020-09-15 08:52:11'),
(289, 25, 'Freda Botsford', 'Quis aliquam debitis corporis est alias amet modi. Ea rem est non dolores dolore neque.', 1, '2020-09-15 08:52:11', '2020-09-15 08:52:11'),
(290, 47, 'Dr. Alysa DuBuque', 'Qui magnam sunt dolores accusantium asperiores omnis consequatur. Voluptatem officiis maxime iure iste nam et nulla. Quo doloribus tempora aut sed debitis earum. Illo sed eum impedit minus tempora cum.', 5, '2020-09-15 08:52:11', '2020-09-15 08:52:11'),
(291, 26, 'Moshe Jenkins', 'Et quis omnis eveniet impedit alias. Provident provident rerum dolore. Error beatae molestiae sint officiis. Reiciendis adipisci labore similique et illo nihil ab placeat.', 4, '2020-09-15 08:52:11', '2020-09-15 08:52:11'),
(292, 21, 'Dr. Santina Hirthe', 'Velit suscipit molestiae eum dolore soluta ea. Consequatur quia et dicta ea dolorem facere amet aliquid. Adipisci officiis explicabo officia ullam ut. Omnis laudantium eligendi expedita.', 5, '2020-09-15 08:52:11', '2020-09-15 08:52:11'),
(293, 39, 'Miss Dulce McLaughlin', 'Error dicta at in est. Dolorem ullam inventore quia vitae aliquam minima. Et ex et voluptatum dolor consequuntur.', 2, '2020-09-15 08:52:11', '2020-09-15 08:52:11'),
(294, 5, 'Olga Weber Sr.', 'Iusto eveniet est exercitationem dolores. Quae qui et omnis sed reprehenderit dolorem. Omnis et maxime porro. Ipsa quia dolorem itaque deleniti ducimus quam quos deleniti.', 5, '2020-09-15 08:52:11', '2020-09-15 08:52:11'),
(295, 14, 'Ms. Maiya Spencer', 'Eligendi id repellendus veritatis dignissimos. Earum ut molestiae amet quisquam ut. Qui facere esse harum quibusdam.', 4, '2020-09-15 08:52:11', '2020-09-15 08:52:11'),
(296, 3, 'Rowan Robel', 'Quisquam quas eius architecto cupiditate maiores voluptatem nobis praesentium. Id saepe eos officiis. Expedita fugit recusandae commodi numquam eum. Quos voluptas occaecati quaerat minus.', 3, '2020-09-15 08:52:11', '2020-09-15 08:52:11'),
(297, 27, 'Pattie Simonis', 'Aperiam impedit similique non quia. Sit necessitatibus nulla sapiente. Qui ipsa eligendi qui et.', 0, '2020-09-15 08:52:11', '2020-09-15 08:52:11'),
(298, 36, 'Heidi Kreiger V', 'Dolorum delectus perspiciatis pariatur aliquid enim. Consequatur voluptatem eaque error enim ex id. Ut velit dolore non natus vel. Voluptas aliquid cumque recusandae temporibus et.', 0, '2020-09-15 08:52:11', '2020-09-15 08:52:11'),
(299, 3, 'Treva Gutkowski', 'Atque ducimus architecto aut consequatur ducimus. Culpa consequatur culpa et sed. Similique officiis aut facilis accusantium fuga architecto non. Quisquam consequuntur omnis ut mollitia reiciendis. A voluptatem id voluptatum voluptatem non.', 5, '2020-09-15 08:52:11', '2020-09-15 08:52:11'),
(300, 17, 'Dawn Koelpin II', 'Consequuntur voluptas aut optio tempore quae error et. Ullam qui exercitationem ipsum quisquam accusantium est. Ut atque eveniet est nesciunt laborum amet fuga.', 1, '2020-09-15 08:52:11', '2020-09-15 08:52:11');

-- --------------------------------------------------------

--
-- Table structure for table `users`
--

CREATE TABLE `users` (
  `id` int(10) UNSIGNED NOT NULL,
  `name` varchar(255) COLLATE utf8mb4_unicode_ci NOT NULL,
  `email` varchar(255) COLLATE utf8mb4_unicode_ci NOT NULL,
  `password` varchar(255) COLLATE utf8mb4_unicode_ci NOT NULL,
  `remember_token` varchar(100) COLLATE utf8mb4_unicode_ci DEFAULT NULL,
  `created_at` timestamp NULL DEFAULT NULL,
  `updated_at` timestamp NULL DEFAULT NULL
) ENGINE=InnoDB DEFAULT CHARSET=utf8mb4 COLLATE=utf8mb4_unicode_ci;

--
-- Indexes for dumped tables
--

--
-- Indexes for table `migrations`
--
ALTER TABLE `migrations`
  ADD PRIMARY KEY (`id`);

--
-- Indexes for table `password_resets`
--
ALTER TABLE `password_resets`
  ADD KEY `password_resets_email_index` (`email`);

--
-- Indexes for table `products`
--
ALTER TABLE `products`
  ADD PRIMARY KEY (`id`);

--
-- Indexes for table `reviews`
--
ALTER TABLE `reviews`
  ADD PRIMARY KEY (`id`),
  ADD KEY `reviews_product_id_index` (`product_id`);

--
-- Indexes for table `users`
--
ALTER TABLE `users`
  ADD PRIMARY KEY (`id`),
  ADD UNIQUE KEY `users_email_unique` (`email`);

--
-- AUTO_INCREMENT for dumped tables
--

--
-- AUTO_INCREMENT for table `migrations`
--
ALTER TABLE `migrations`
  MODIFY `id` int(10) UNSIGNED NOT NULL AUTO_INCREMENT, AUTO_INCREMENT=5;

--
-- AUTO_INCREMENT for table `products`
--
ALTER TABLE `products`
  MODIFY `id` int(10) UNSIGNED NOT NULL AUTO_INCREMENT, AUTO_INCREMENT=51;

--
-- AUTO_INCREMENT for table `reviews`
--
ALTER TABLE `reviews`
  MODIFY `id` int(10) UNSIGNED NOT NULL AUTO_INCREMENT, AUTO_INCREMENT=301;

--
-- AUTO_INCREMENT for table `users`
--
ALTER TABLE `users`
  MODIFY `id` int(10) UNSIGNED NOT NULL AUTO_INCREMENT;

--
-- Constraints for dumped tables
--

--
-- Constraints for table `reviews`
--
ALTER TABLE `reviews`
  ADD CONSTRAINT `reviews_product_id_foreign` FOREIGN KEY (`product_id`) REFERENCES `products` (`id`) ON DELETE CASCADE;

/*!40101 SET CHARACTER_SET_CLIENT=@OLD_CHARACTER_SET_CLIENT */;
/*!40101 SET CHARACTER_SET_RESULTS=@OLD_CHARACTER_SET_RESULTS */;
/*!40101 SET COLLATION_CONNECTION=@OLD_COLLATION_CONNECTION */;
